"2026-09-10T17:19:16Z";"CREATE_CHEST";"{"chest":{"location":{"world":"world","x":161.0,"y":-25.0,"z":602.0},"createdAt":1789060756078,"expireAt":1789061356078,"owner":{"name":"Helios6212","op":false,"id":"d28033d0-beb9-3797-994e-80625461d2a7","entity-id":30,"location":{"world":"world","x":160.0702024252961,"y":-25.0,"z":603.1304220079559,"yaw":15.645508,"pitch":28.430365}},"isProtected":false,"inventory":{"type":"CHEST","size":36,"content":[{"DataVersion":4903,"id":"minecraft:diamond_sword","count":1,"components":{"minecraft:damage":"22"},"schema_version":1},{"DataVersion":4903,"id":"minecraft:diamond_axe","count":1,"components":{"minecraft:damage":"4"},"schema_version":1},{"DataVersion":4903,"id":"minecraft:diamond_pickaxe","count":1,"components":{"minecraft:damage":"12"},"schema_version":1},{"DataVersion":4903,"id":"minecraft:wind_charge","count":9,"schema_version":1},{"DataVersion":4903,"id":"minecraft:bow","count":1,"components":{"minecraft:enchantments":"{\"minecraft:unbreaking\":1}","minecraft:damage":"4"},"schema_version":1},{"DataVersion":4903,"id":"minecraft:trial_key","count":3,"schema_version":1},{"DataVersion":4903,"id":"minecraft:waxed_oxidized_copper","count":6,"schema_version":1},{"DataVersion":4903,"id":"minecraft:breeze_rod","count":3,"schema_version":1},{"DataVersion":4903,"id":"minecraft:potion","count":1,"components":{"minecraft:potion_contents":"{potion:\"minecraft:swiftness\"}"},"schema_version":1},{"DataVersion":4903,"id":"minecraft:bone","count":22,"schema_version":1},{"DataVersion":4903,"id":"minecraft:diamond_boots","count":1,"components":{"minecraft:damage":"8"},"schema_version":1},{"DataVersion":4903,"id":"minecraft:diamond_leggings","count":1,"components":{"minecraft:damage":"8"},"schema_version":1},{"DataVersion":4903,"id":"minecraft:tipped_arrow","count":6,"components":{"minecraft:potion_contents":"{potion:\"minecraft:poison\"}"},"schema_version":1},{"DataVersion":4903,"id":"minecraft:diamond_chestplate","count":1,"components":{"minecraft:damage":"8"},"schema_version":1},{"DataVersion":4903,"id":"minecraft:diamond_helmet","count":1,"components":{"minecraft:damage":"8"},"schema_version":1},{"DataVersion":4903,"id":"minecraft:coal","count":6,"schema_version":1},{"DataVersion":4903,"id":"minecraft:birch_log","count":51,"schema_version":1},{"DataVersion":4903,"id":"minecraft:birch_planks","count":63,"schema_version":1},{"DataVersion":4903,"id":"minecraft:bucket","count":1,"schema_version":1},{"DataVersion":4903,"id":"minecraft:arrow","count":11,"schema_version":1},{"DataVersion":4903,"id":"minecraft:torch","count":15,"schema_version":1},{"DataVersion":4903,"id":"minecraft:stick","count":21,"schema_version":1},{"DataVersion":4903,"id":"minecraft:lapis_lazuli","count":4,"schema_version":1},{"DataVersion":4903,"id":"minecraft:emerald","count":30,"schema_version":1},{"DataVersion":4903,"id":"minecraft:enchanted_book","count":1,"components":{"minecraft:stored_enchantments":"{\"minecraft:riptide\":3}"},"schema_version":1},{"DataVersion":4903,"id":"minecraft:ominous_bottle","count":1,"schema_version":1},{"DataVersion":4903,"id":"minecraft:diamond","count":6,"schema_version":1},{"DataVersion":4903,"id":"minecraft:shield","count":1,"components":{"minecraft:damage":"90"},"schema_version":1}]}}}"
"2026-09-10T17:19:31Z";"DESTROY_CHEST";"{"chest":{"location":{"world":"world","x":161.0,"y":-25.0,"z":602.0},"createdAt":1789060756078,"expireAt":1789061356078,"owner":{"name":"Helios6212","op":false,"id":"d28033d0-beb9-3797-994e-80625461d2a7","entity-id":30,"location":{"world":"world","x":163.93665564835865,"y":-30.579673288383855,"z":603.2375000119209,"yaw":-178.45868,"pitch":52.089046}},"isProtected":false,"inventory":{"type":"CHEST","size":36,"content":[]}},"reason":"PLAYER","extra":{"player":{"name":"Helios6212","op":false,"id":"d28033d0-beb9-3797-994e-80625461d2a7","entity-id":30,"location":{"world":"world","x":163.93665564835865,"y":-30.579673288383855,"z":603.2375000119209,"yaw":-178.45868,"pitch":52.089046}}}}"
"2026-09-10T17:19:47Z";"CREATE_CHEST";"{"chest":{"location":{"world":"world","x":153.0,"y":-25.0,"z":601.0},"createdAt":1789060787168,"expireAt":1789061387168,"owner":{"name":"Rajann_","op":false,"id":"9b355652-2589-30bb-8572-ef2bce079cfd","entity-id":2,"location":{"world":"world","x":155.57211303402445,"y":-25.0,"z":602.3328956004368,"yaw":-73.52881,"pitch":9.15012}},"isProtected":false,"inventory":{"type":"CHEST","size":27,"content":[{"DataVersion":4903,"id":"minecraft:diamond_sword","count":1,"components":{"minecraft:damage":"88"},"schema_version":1},{"DataVersion":4903,"id":"minecraft:crafting_table","count":1,"schema_version":1},{"DataVersion":4903,"id":"minecraft:bone","count":2,"schema_version":1},{"DataVersion":4903,"id":"minecraft:tipped_arrow","count":1,"components":{"minecraft:potion_contents":"{potion:\"minecraft:poison\"}"},"schema_version":1},{"DataVersion":4903,"id":"minecraft:diamond","count":3,"schema_version":1},{"DataVersion":4903,"id":"minecraft:ominous_bottle","count":1,"schema_version":1},{"DataVersion":4903,"id":"minecraft:guster_banner_pattern","count":1,"schema_version":1},{"DataVersion":4903,"id":"minecraft:red_mushroom","count":3,"schema_version":1},{"DataVersion":4903,"id":"minecraft:furnace","count":1,"schema_version":1},{"DataVersion":4903,"id":"minecraft:arrow","count":18,"schema_version":1},{"DataVersion":4903,"id":"minecraft:trial_key","count":4,"schema_version":1},{"DataVersion":4903,"id":"minecraft:bolt_armor_trim_smithing_template","count":1,"schema_version":1},{"DataVersion":4903,"id":"minecraft:torch","count":14,"schema_version":1},{"DataVersion":4903,"id":"minecraft:brick","count":42,"schema_version":1},{"DataVersion":4903,"id":"minecraft:copper_chestplate","count":1,"components":{"minecraft:damage":"93"},"schema_version":1},{"DataVersion":4903,"id":"minecraft:iron_ingot","count":20,"schema_version":1},{"DataVersion":4903,"id":"minecraft:dispenser","count":1,"schema_version":1},{"DataVersion":4903,"id":"minecraft:copper_helmet","count":1,"components":{"minecraft:damage":"116"},"schema_version":1},{"DataVersion":4903,"id":"minecraft:iron_chestplate","count":1,"components":{"minecraft:damage":"37"},"schema_version":1},{"DataVersion":4903,"id":"minecraft:copper_leggings","count":1,"components":{"minecraft:damage":"117"},"schema_version":1},{"DataVersion":4903,"id":"minecraft:copper_boots","count":1,"components":{"minecraft:damage":"113"},"schema_version":1},{"DataVersion":4903,"id":"minecraft:shield","count":1,"components":{"minecraft:damage":"153"},"schema_version":1}]}}}"
"2026-09-10T17:19:58Z";"DESTROY_CHEST";"{"chest":{"location":{"world":"world","x":153.0,"y":-25.0,"z":601.0},"createdAt":1789060787168,"expireAt":1789061387168,"owner":{"name":"Rajann_","op":false,"id":"9b355652-2589-30bb-8572-ef2bce079cfd","entity-id":2,"location":{"world":"world","x":155.37811320349533,"y":-25.0,"z":602.334181822014,"yaw":118.32123,"pitch":30.000124}},"isProtected":false,"inventory":{"type":"CHEST","size":27,"content":[]}},"reason":"PLAYER","extra":{"player":{"name":"Rajann_","op":false,"id":"9b355652-2589-30bb-8572-ef2bce079cfd","entity-id":2,"location":{"world":"world","x":155.37811320349533,"y":-25.0,"z":602.334181822014,"yaw":118.32123,"pitch":30.000124}}}}"
"2026-09-10T17:20:01Z";"CREATE_CHEST";"{"chest":{"location":{"world":"world","x":157.0,"y":-25.0,"z":603.0},"createdAt":1789060801955,"expireAt":1789061401955,"owner":{"name":"sutan","op":false,"id":"c1c908f0-ac06-3e6d-8b5b-fa796248506c","entity-id":1,"location":{"world":"world","x":156.57026820431145,"y":-25.0,"z":603.3918795487484,"yaw":14.656195,"pitch":11.549995}},"isProtected":false,"inventory":{"type":"CHEST","size":36,"content":[{"DataVersion":4903,"id":"minecraft:waxed_copper_block","count":2,"schema_version":1},{"DataVersion":4903,"id":"minecraft:bow","count":1,"components":{"minecraft:enchantments":"{\"minecraft:power\":2}","minecraft:damage":"8"},"schema_version":1},{"DataVersion":4903,"id":"minecraft:scrape_pottery_sherd","count":1,"schema_version":1},{"DataVersion":4903,"id":"minecraft:iron_axe","count":1,"components":{"minecraft:damage":"79"},"schema_version":1},{"DataVersion":4903,"id":"minecraft:candle","count":2,"schema_version":1},{"DataVersion":4903,"id":"minecraft:ominous_bottle","count":1,"components":{"minecraft:ominous_bottle_amplifier":"1"},"schema_version":1},{"DataVersion":4903,"id":"minecraft:iron_pickaxe","count":1,"components":{"minecraft:damage":"66"},"schema_version":1},{"DataVersion":4903,"id":"minecraft:cobbled_deepslate","count":18,"schema_version":1},{"DataVersion":4903,"id":"minecraft:waxed_oxidized_cut_copper_stairs","count":1,"schema_version":1},{"DataVersion":4903,"id":"minecraft:torch","count":64,"schema_version":1},{"DataVersion":4903,"id":"minecraft:trial_key","count":3,"schema_version":1},{"DataVersion":4903,"id":"minecraft:waxed_weathered_copper_bulb","count":1,"schema_version":1},{"DataVersion":4903,"id":"minecraft:chiseled_tuff","count":1,"schema_version":1},{"DataVersion":4903,"id":"minecraft:polished_tuff","count":2,"schema_version":1},{"DataVersion":4903,"id":"minecraft:diamond","count":3,"schema_version":1},{"DataVersion":4903,"id":"minecraft:waxed_copper_grate","count":5,"schema_version":1},{"DataVersion":4903,"id":"minecraft:decorated_pot","count":2,"schema_version":1},{"DataVersion":4903,"id":"minecraft:iron_pickaxe","count":1,"components":{"minecraft:damage":"202"},"schema_version":1},{"DataVersion":4903,"id":"minecraft:diamond_sword","count":1,"components":{"minecraft:damage":"83"},"schema_version":1},{"DataVersion":4903,"id":"minecraft:tuff_bricks","count":15,"schema_version":1},{"DataVersion":4903,"id":"minecraft:bone","count":3,"schema_version":1},{"DataVersion":4903,"id":"minecraft:tipped_arrow","count":6,"components":{"minecraft:potion_contents":"{potion:\"minecraft:poison\"}"},"schema_version":1},{"DataVersion":4903,"id":"minecraft:emerald","count":14,"schema_version":1},{"DataVersion":4903,"id":"minecraft:waxed_oxidized_cut_copper","count":1,"schema_version":1},{"DataVersion":4903,"id":"minecraft:raw_gold","count":9,"schema_version":1},{"DataVersion":4903,"id":"minecraft:copper_chestplate","count":1,"components":{"minecraft:damage":"53"},"schema_version":1},{"DataVersion":4903,"id":"minecraft:breeze_rod","count":7,"schema_version":1},{"DataVersion":4903,"id":"minecraft:arrow","count":1,"schema_version":1},{"DataVersion":4903,"id":"minecraft:waxed_copper_bulb","count":1,"schema_version":1},{"DataVersion":4903,"id":"minecraft:iron_boots","count":1,"components":{"minecraft:damage":"56"},"schema_version":1},{"DataVersion":4903,"id":"minecraft:iron_leggings","count":1,"components":{"minecraft:damage":"53"},"schema_version":1},{"DataVersion":4903,"id":"minecraft:iron_chestplate","count":1,"components":{"minecraft:enchantments":"{\"minecraft:unbreaking\":1}","minecraft:damage":"21"},"schema_version":1},{"DataVersion":4903,"id":"minecraft:iron_helmet","count":1,"components":{"minecraft:damage":"36"},"schema_version":1},{"DataVersion":4903,"id":"minecraft:shield","count":1,"components":{"minecraft:damage":"39"},"schema_version":1}]}}}"
"2026-09-10T17:21:22Z";"DESTROY_CHEST";"{"chest":{"location":{"world":"world","x":157.0,"y":-25.0,"z":603.0},"createdAt":1789060801955,"expireAt":1789061401955,"owner":{"name":"sutan","op":false,"id":"c1c908f0-ac06-3e6d-8b5b-fa796248506c","entity-id":1,"location":{"world":"world","x":156.48827020433046,"y":-25.0,"z":602.5825148750768,"yaw":-48.343864,"pitch":40.349964}},"isProtected":false,"inventory":{"type":"CHEST","size":36,"content":[]}},"reason":"BREAK","extra":{"player":{"name":"sutan","op":false,"id":"c1c908f0-ac06-3e6d-8b5b-fa796248506c","entity-id":1,"location":{"world":"world","x":156.48827020433046,"y":-25.0,"z":602.5825148750768,"yaw":-48.343864,"pitch":40.349964}}}}"
"2026-09-10T17:22:23Z";"CREATE_CHEST";"{"chest":{"location":{"world":"world","x":151.0,"y":-32.0,"z":608.0},"createdAt":1789060943204,"expireAt":1789061543204,"owner":{"name":"sutan","op":false,"id":"c1c908f0-ac06-3e6d-8b5b-fa796248506c","entity-id":1,"location":{"world":"world","x":151.05272504755905,"y":-32.0,"z":608.6999999880791,"yaw":-153.64359,"pitch":16.949903}},"isProtected":false,"inventory":{"type":"CHEST","size":36,"content":[{"DataVersion":4903,"id":"minecraft:brick","count":4,"schema_version":1},{"DataVersion":4903,"id":"minecraft:diamond_sword","count":1,"components":{"minecraft:damage":"93"},"schema_version":1},{"DataVersion":4903,"id":"minecraft:bow","count":1,"components":{"minecraft:enchantments":"{\"minecraft:power\":2}","minecraft:damage":"9"},"schema_version":1},{"DataVersion":4903,"id":"minecraft:torch","count":62,"schema_version":1},{"DataVersion":4903,"id":"minecraft:iron_axe","count":1,"components":{"minecraft:damage":"79"},"schema_version":1},{"DataVersion":4903,"id":"minecraft:iron_pickaxe","count":1,"components":{"minecraft:damage":"66"},"schema_version":1},{"DataVersion":4903,"id":"minecraft:waxed_copper_block","count":2,"schema_version":1},{"DataVersion":4903,"id":"minecraft:scrape_pottery_sherd","count":1,"schema_version":1},{"DataVersion":4903,"id":"minecraft:candle","count":2,"schema_version":1},{"DataVersion":4903,"id":"minecraft:waxed_oxidized_cut_copper_stairs","count":1,"schema_version":1},{"DataVersion":4903,"id":"minecraft:bone","count":4,"schema_version":1},{"DataVersion":4903,"id":"minecraft:waxed_copper_bulb","count":1,"schema_version":1},{"DataVersion":4903,"id":"minecraft:emerald","count":14,"schema_version":1},{"DataVersion":4903,"id":"minecraft:chiseled_tuff","count":1,"schema_version":1},{"DataVersion":4903,"id":"minecraft:waxed_oxidized_cut_copper","count":1,"schema_version":1},{"DataVersion":4903,"id":"minecraft:trial_key","count":3,"schema_version":1},{"DataVersion":4903,"id":"minecraft:iron_pickaxe","count":1,"components":{"minecraft:damage":"202"},"schema_version":1},{"DataVersion":4903,"id":"minecraft:waxed_weathered_copper_bulb","count":1,"schema_version":1},{"DataVersion":4903,"id":"minecraft:tuff_bricks","count":15,"schema_version":1},{"DataVersion":4903,"id":"minecraft:arrow","count":4,"schema_version":1},{"DataVersion":4903,"id":"minecraft:decorated_pot","count":1,"components":{"minecraft:pot_decorations":"[\"minecraft:scrape_pottery_sherd\",\"minecraft:brick\",\"minecraft:brick\",\"minecraft:brick\"]"},"schema_version":1},{"DataVersion":4903,"id":"minecraft:waxed_copper_grate","count":5,"schema_version":1},{"DataVersion":4903,"id":"minecraft:cobbled_deepslate","count":18,"schema_version":1},{"DataVersion":4903,"id":"minecraft:decorated_pot","count":6,"schema_version":1},{"DataVersion":4903,"id":"minecraft:breeze_rod","count":7,"schema_version":1},{"DataVersion":4903,"id":"minecraft:raw_gold","count":9,"schema_version":1},{"DataVersion":4903,"id":"minecraft:copper_chestplate","count":1,"components":{"minecraft:damage":"53"},"schema_version":1},{"DataVersion":4903,"id":"minecraft:tipped_arrow","count":7,"components":{"minecraft:potion_contents":"{potion:\"minecraft:poison\"}"},"schema_version":1},{"DataVersion":4903,"id":"minecraft:diamond","count":3,"schema_version":1},{"DataVersion":4903,"id":"minecraft:polished_tuff","count":2,"schema_version":1},{"DataVersion":4903,"id":"minecraft:iron_boots","count":1,"components":{"minecraft:damage":"69"},"schema_version":1},{"DataVersion":4903,"id":"minecraft:iron_leggings","count":1,"components":{"minecraft:damage":"66"},"schema_version":1},{"DataVersion":4903,"id":"minecraft:iron_chestplate","count":1,"components":{"minecraft:enchantments":"{\"minecraft:unbreaking\":1}","minecraft:damage":"30"},"schema_version":1},{"DataVersion":4903,"id":"minecraft:iron_helmet","count":1,"components":{"minecraft:damage":"49"},"schema_version":1},{"DataVersion":4903,"id":"minecraft:shield","count":1,"components":{"minecraft:damage":"51"},"schema_version":1}]}}}"
"2026-09-10T17:22:24Z";"DESTROY_CHEST";"{"chest":{"location":{"world":"world","x":151.0,"y":-32.0,"z":608.0},"createdAt":1789060943204,"expireAt":1789061543204,"owner":{"name":"sutan","op":false,"id":"c1c908f0-ac06-3e6d-8b5b-fa796248506c","entity-id":1,"location":{"world":"world","x":151.05272504755905,"y":-32.0,"z":608.6999999880791,"yaw":-153.64359,"pitch":16.949903}},"isProtected":false,"inventory":{"type":"CHEST","size":36,"content":[]}},"reason":"ENTITY_EXPLOSION","extra":{"entity":{"name":"Wind Charge","op":false,"id":"13c6b33a-9438-410e-8a5b-9ee7f3ec7331","entity-id":694,"location":{"world":"world","x":153.42023891907223,"y":-32.0,"z":608.5501283225628,"yaw":267.68756,"pitch":15.9032135}}}}"
"2026-09-10T17:23:36Z";"CREATE_CHEST";"{"chest":{"location":{"world":"world","x":160.0,"y":-25.0,"z":602.0},"createdAt":1789061016205,"expireAt":1789061616205,"owner":{"name":"sutan","op":false,"id":"c1c908f0-ac06-3e6d-8b5b-fa796248506c","entity-id":1,"location":{"world":"world","x":158.0752367630652,"y":-25.0,"z":602.5676752668766,"yaw":102.10675,"pitch":24.149994}},"isProtected":false,"inventory":{"type":"CHEST","size":36,"content":[{"DataVersion":4903,"id":"minecraft:diamond_sword","count":1,"components":{"minecraft:damage":"102"},"schema_version":1},{"DataVersion":4903,"id":"minecraft:chiseled_tuff","count":1,"schema_version":1},{"DataVersion":4903,"id":"minecraft:decorated_pot","count":1,"components":{"minecraft:pot_decorations":"[\"minecraft:scrape_pottery_sherd\",\"minecraft:brick\",\"minecraft:brick\",\"minecraft:brick\"]"},"schema_version":1},{"DataVersion":4903,"id":"minecraft:acacia_boat","count":1,"schema_version":1},{"DataVersion":4903,"id":"minecraft:waxed_copper_block","count":2,"schema_version":1},{"DataVersion":4903,"id":"minecraft:waxed_oxidized_cut_copper_stairs","count":1,"schema_version":1},{"DataVersion":4903,"id":"minecraft:waxed_copper_bulb","count":1,"schema_version":1},{"DataVersion":4903,"id":"minecraft:polished_tuff","count":2,"schema_version":1},{"DataVersion":4903,"id":"minecraft:decorated_pot","count":6,"schema_version":1},{"DataVersion":4903,"id":"minecraft:waxed_copper_grate","count":5,"schema_version":1},{"DataVersion":4903,"id":"minecraft:diamond","count":3,"schema_version":1},{"DataVersion":4903,"id":"minecraft:copper_chestplate","count":1,"components":{"minecraft:damage":"53"},"schema_version":1},{"DataVersion":4903,"id":"minecraft:bone","count":4,"schema_version":1},{"DataVersion":4903,"id":"minecraft:waxed_weathered_copper_bulb","count":1,"schema_version":1},{"DataVersion":4903,"id":"minecraft:iron_axe","count":1,"components":{"minecraft:damage":"79"},"schema_version":1},{"DataVersion":4903,"id":"minecraft:scrape_pottery_sherd","count":1,"schema_version":1},{"DataVersion":4903,"id":"minecraft:waxed_oxidized_cut_copper","count":1,"schema_version":1},{"DataVersion":4903,"id":"minecraft:trial_key","count":3,"schema_version":1},{"DataVersion":4903,"id":"minecraft:cobbled_deepslate","count":18,"schema_version":1},{"DataVersion":4903,"id":"minecraft:raw_gold","count":9,"schema_version":1},{"DataVersion":4903,"id":"minecraft:iron_boots","count":1,"components":{"minecraft:damage":"69"},"schema_version":1},{"DataVersion":4903,"id":"minecraft:candle","count":2,"schema_version":1},{"DataVersion":4903,"id":"minecraft:bow","count":1,"components":{"minecraft:enchantments":"{\"minecraft:power\":2}","minecraft:damage":"9"},"schema_version":1},{"DataVersion":4903,"id":"minecraft:breeze_rod","count":7,"schema_version":1},{"DataVersion":4903,"id":"minecraft:tipped_arrow","count":7,"components":{"minecraft:potion_contents":"{potion:\"minecraft:poison\"}"},"schema_version":1},{"DataVersion":4903,"id":"minecraft:iron_pickaxe","count":1,"components":{"minecraft:damage":"66"},"schema_version":1},{"DataVersion":4903,"id":"minecraft:tuff_bricks","count":15,"schema_version":1},{"DataVersion":4903,"id":"minecraft:iron_pickaxe","count":1,"components":{"minecraft:damage":"202"},"schema_version":1},{"DataVersion":4903,"id":"minecraft:brick","count":4,"schema_version":1},{"DataVersion":4903,"id":"minecraft:emerald","count":14,"schema_version":1},{"DataVersion":4903,"id":"minecraft:arrow","count":4,"schema_version":1},{"DataVersion":4903,"id":"minecraft:iron_leggings","count":1,"components":{"minecraft:damage":"80"},"schema_version":1},{"DataVersion":4903,"id":"minecraft:iron_chestplate","count":1,"components":{"minecraft:enchantments":"{\"minecraft:unbreaking\":1}","minecraft:damage":"40"},"schema_version":1},{"DataVersion":4903,"id":"minecraft:iron_helmet","count":1,"components":{"minecraft:damage":"65"},"schema_version":1},{"DataVersion":4903,"id":"minecraft:shield","count":1,"components":{"minecraft:damage":"57"},"schema_version":1}]}}}"
"2026-09-10T17:23:53Z";"CREATE_CHEST";"{"chest":{"location":{"world":"world","x":133.0,"y":-32.0,"z":606.0},"createdAt":1789061033405,"expireAt":1789061633405,"owner":{"name":"Helios6212","op":false,"id":"d28033d0-beb9-3797-994e-80625461d2a7","entity-id":30,"location":{"world":"world","x":136.1913103659215,"y":-30.975575911786322,"z":606.571215667145,"yaw":3.915039,"pitch":37.124252}},"isProtected":false,"inventory":{"type":"CHEST","size":36,"content":[{"DataVersion":4903,"id":"minecraft:diamond_sword","count":1,"components":{"minecraft:damage":"62"},"schema_version":1},{"DataVersion":4903,"id":"minecraft:diamond_axe","count":1,"components":{"minecraft:damage":"4"},"schema_version":1},{"DataVersion":4903,"id":"minecraft:diamond_pickaxe","count":1,"components":{"minecraft:damage":"12"},"schema_version":1},{"DataVersion":4903,"id":"minecraft:red_mushroom","count":1,"schema_version":1},{"DataVersion":4903,"id":"minecraft:iron_ingot","count":3,"schema_version":1},{"DataVersion":4903,"id":"minecraft:bucket","count":1,"schema_version":1},{"DataVersion":4903,"id":"minecraft:diamond_leggings","count":1,"components":{"minecraft:damage":"28"},"schema_version":1},{"DataVersion":4903,"id":"minecraft:waxed_oxidized_copper","count":6,"schema_version":1},{"DataVersion":4903,"id":"minecraft:breeze_rod","count":3,"schema_version":1},{"DataVersion":4903,"id":"minecraft:trial_key","count":4,"schema_version":1},{"DataVersion":4903,"id":"minecraft:bow","count":1,"components":{"minecraft:enchantments":"{\"minecraft:unbreaking\":1}","minecraft:damage":"4"},"schema_version":1},{"DataVersion":4903,"id":"minecraft:wind_charge","count":9,"schema_version":1},{"DataVersion":4903,"id":"minecraft:diamond_boots","count":1,"components":{"minecraft:damage":"28"},"schema_version":1},{"DataVersion":4903,"id":"minecraft:diamond_chestplate","count":1,"components":{"minecraft:damage":"28"},"schema_version":1},{"DataVersion":4903,"id":"minecraft:bone","count":24,"schema_version":1},{"DataVersion":4903,"id":"minecraft:diamond_helmet","count":1,"components":{"minecraft:damage":"28"},"schema_version":1},{"DataVersion":4903,"id":"minecraft:arrow","count":35,"schema_version":1},{"DataVersion":4903,"id":"minecraft:lapis_lazuli","count":4,"schema_version":1},{"DataVersion":4903,"id":"minecraft:emerald","count":34,"schema_version":1},{"DataVersion":4903,"id":"minecraft:coal","count":6,"schema_version":1},{"DataVersion":4903,"id":"minecraft:diamond","count":3,"schema_version":1},{"DataVersion":4903,"id":"minecraft:ominous_bottle","count":1,"schema_version":1},{"DataVersion":4903,"id":"minecraft:enchanted_book","count":1,"components":{"minecraft:stored_enchantments":"{\"minecraft:riptide\":3}"},"schema_version":1},{"DataVersion":4903,"id":"minecraft:stick","count":21,"schema_version":1},{"DataVersion":4903,"id":"minecraft:torch","count":15,"schema_version":1},{"DataVersion":4903,"id":"minecraft:tipped_arrow","count":9,"components":{"minecraft:potion_contents":"{potion:\"minecraft:poison\"}"},"schema_version":1},{"DataVersion":4903,"id":"minecraft:birch_log","count":51,"schema_version":1},{"DataVersion":4903,"id":"minecraft:birch_planks","count":63,"schema_version":1},{"DataVersion":4903,"id":"minecraft:potion","count":1,"components":{"minecraft:potion_contents":"{potion:\"minecraft:swiftness\"}"},"schema_version":1},{"DataVersion":4903,"id":"minecraft:shield","count":1,"components":{"minecraft:damage":"106"},"schema_version":1}]}}}"
"2026-09-10T17:24:13Z";"DESTROY_CHEST";"{"chest":{"location":{"world":"world","x":133.0,"y":-32.0,"z":606.0},"createdAt":1789061033405,"expireAt":1789061633405,"owner":{"name":"Helios6212","op":false,"id":"d28033d0-beb9-3797-994e-80625461d2a7","entity-id":30,"location":{"world":"world","x":135.11153836749918,"y":-32.0,"z":605.182261197529,"yaw":44.248817,"pitch":32.563538}},"isProtected":false,"inventory":{"type":"CHEST","size":36,"content":[]}},"reason":"PLAYER","extra":{"player":{"name":"Helios6212","op":false,"id":"d28033d0-beb9-3797-994e-80625461d2a7","entity-id":30,"location":{"world":"world","x":135.11153836749918,"y":-32.0,"z":605.182261197529,"yaw":44.248817,"pitch":32.563538}}}}"
"2026-09-10T17:25:37Z";"DESTROY_CHEST";"{"chest":{"location":{"world":"world","x":160.0,"y":-25.0,"z":602.0},"createdAt":1789061016205,"expireAt":1789061616205,"owner":{"name":"sutan","op":false,"id":"c1c908f0-ac06-3e6d-8b5b-fa796248506c","entity-id":1,"location":{"world":"world","x":161.24858030142326,"y":-25.0,"z":602.8105341258165,"yaw":109.30648,"pitch":52.2}},"isProtected":false,"inventory":{"type":"CHEST","size":36,"content":[]}},"reason":"BREAK","extra":{"player":{"name":"sutan","op":false,"id":"c1c908f0-ac06-3e6d-8b5b-fa796248506c","entity-id":1,"location":{"world":"world","x":161.24858030142326,"y":-25.0,"z":602.8105341258165,"yaw":109.30648,"pitch":52.2}}}}"
"2026-09-10T17:48:51Z";"CREATE_CHEST";"{"chest":{"location":{"world":"world","x":112.0,"y":58.0,"z":-398.0},"createdAt":1789062531037,"expireAt":1789063131037,"owner":{"name":"Helios6212","op":false,"id":"d28033d0-beb9-3797-994e-80625461d2a7","entity-id":1,"location":{"world":"world","x":113.03458100078285,"y":58.34474301471667,"z":-398.3644874203443,"yaw":-159.38557,"pitch":20.043827}},"isProtected":false,"inventory":{"type":"CHEST","size":36,"content":[{"DataVersion":4903,"id":"minecraft:diamond_sword","count":1,"components":{"minecraft:damage":"141"},"schema_version":1},{"DataVersion":4903,"id":"minecraft:diamond_axe","count":1,"components":{"minecraft:damage":"5"},"schema_version":1},{"DataVersion":4903,"id":"minecraft:diamond_pickaxe","count":1,"components":{"minecraft:damage":"43"},"schema_version":1},{"DataVersion":4903,"id":"minecraft:bow","count":1,"components":{"minecraft:enchantments":"{\"minecraft:unbreaking\":1}","minecraft:damage":"4"},"schema_version":1},{"DataVersion":4903,"id":"minecraft:birch_planks","count":27,"schema_version":1},{"DataVersion":4903,"id":"minecraft:crafting_table","count":1,"schema_version":1},{"DataVersion":4903,"id":"minecraft:dirt","count":2,"schema_version":1},{"DataVersion":4903,"id":"minecraft:wind_charge","count":29,"schema_version":1},{"DataVersion":4903,"id":"minecraft:slime_ball","count":13,"schema_version":1},{"DataVersion":4903,"id":"minecraft:iron_ingot","count":12,"schema_version":1},{"DataVersion":4903,"id":"minecraft:diamond_boots","count":1,"components":{"minecraft:damage":"50"},"schema_version":1},{"DataVersion":4903,"id":"minecraft:flow_armor_trim_smithing_template","count":1,"schema_version":1},{"DataVersion":4903,"id":"minecraft:tipped_arrow","count":15,"components":{"minecraft:potion_contents":"{potion:\"minecraft:strong_slowness\"}"},"schema_version":1},{"DataVersion":4903,"id":"minecraft:yellow_bed","count":1,"schema_version":1},{"DataVersion":4903,"id":"minecraft:breeze_rod","count":2,"schema_version":1},{"DataVersion":4903,"id":"minecraft:birch_log","count":51,"schema_version":1},{"DataVersion":4903,"id":"minecraft:potion","count":1,"components":{"minecraft:potion_contents":"{potion:\"minecraft:swiftness\"}"},"schema_version":1},{"DataVersion":4903,"id":"minecraft:raw_iron","count":9,"schema_version":1},{"DataVersion":4903,"id":"minecraft:emerald","count":48,"schema_version":1},{"DataVersion":4903,"id":"minecraft:coal","count":6,"schema_version":1},{"DataVersion":4903,"id":"minecraft:diamond","count":3,"schema_version":1},{"DataVersion":4903,"id":"minecraft:flow_banner_pattern","count":1,"schema_version":1},{"DataVersion":4903,"id":"minecraft:bucket","count":1,"schema_version":1},{"DataVersion":4903,"id":"minecraft:lapis_lazuli","count":4,"schema_version":1},{"DataVersion":4903,"id":"minecraft:diamond_leggings","count":1,"components":{"minecraft:damage":"50"},"schema_version":1},{"DataVersion":4903,"id":"minecraft:bone","count":34,"schema_version":1},{"DataVersion":4903,"id":"minecraft:enchanted_book","count":1,"components":{"minecraft:stored_enchantments":"{\"minecraft:riptide\":3}"},"schema_version":1},{"DataVersion":4903,"id":"minecraft:ominous_bottle","count":1,"schema_version":1},{"DataVersion":4903,"id":"minecraft:torch","count":10,"schema_version":1},{"DataVersion":4903,"id":"minecraft:stick","count":21,"schema_version":1},{"DataVersion":4903,"id":"minecraft:trial_key","count":5,"schema_version":1},{"DataVersion":4903,"id":"minecraft:arrow","count":64,"schema_version":1},{"DataVersion":4903,"id":"minecraft:arrow","count":1,"schema_version":1},{"DataVersion":4903,"id":"minecraft:diamond_chestplate","count":1,"components":{"minecraft:damage":"50"},"schema_version":1},{"DataVersion":4903,"id":"minecraft:diamond_helmet","count":1,"components":{"minecraft:damage":"50"},"schema_version":1},{"DataVersion":4903,"id":"minecraft:shield","count":1,"components":{"minecraft:damage":"146"},"schema_version":1}]}}}"
"2026-09-10T17:49:10Z";"CREATE_CHEST";"{"chest":{"location":{"world":"world","x":114.0,"y":55.0,"z":-391.0},"createdAt":1789062550382,"expireAt":1789063150382,"owner":{"name":"Helios6212","op":false,"id":"d28033d0-beb9-3797-994e-80625461d2a7","entity-id":1,"location":{"world":"world","x":114.2403974024128,"y":55.65667048842721,"z":-390.35497107563543,"yaw":21.60614,"pitch":-40.38558}},"isProtected":false,"inventory":{"type":"CHEST","size":36,"content":[{"DataVersion":4903,"id":"minecraft:potion","count":1,"components":{"minecraft:potion_contents":"{potion:\"minecraft:swiftness\"}"},"schema_version":1},{"DataVersion":4903,"id":"minecraft:slime_ball","count":13,"schema_version":1},{"DataVersion":4903,"id":"minecraft:dirt","count":2,"schema_version":1},{"DataVersion":4903,"id":"minecraft:crafting_table","count":1,"schema_version":1},{"DataVersion":4903,"id":"minecraft:birch_planks","count":27,"schema_version":1},{"DataVersion":4903,"id":"minecraft:bow","count":1,"components":{"minecraft:enchantments":"{\"minecraft:unbreaking\":1}","minecraft:damage":"4"},"schema_version":1},{"DataVersion":4903,"id":"minecraft:diamond_pickaxe","count":1,"components":{"minecraft:damage":"43"},"schema_version":1},{"DataVersion":4903,"id":"minecraft:diamond_axe","count":1,"components":{"minecraft:damage":"5"},"schema_version":1},{"DataVersion":4903,"id":"minecraft:diamond_sword","count":1,"components":{"minecraft:damage":"141"},"schema_version":1},{"DataVersion":4903,"id":"minecraft:ominous_bottle","count":1,"schema_version":1},{"DataVersion":4903,"id":"minecraft:stick","count":21,"schema_version":1},{"DataVersion":4903,"id":"minecraft:trial_key","count":5,"schema_version":1},{"DataVersion":4903,"id":"minecraft:arrow","count":1,"schema_version":1},{"DataVersion":4903,"id":"minecraft:arrow","count":64,"schema_version":1},{"DataVersion":4903,"id":"minecraft:diamond_chestplate","count":1,"components":{"minecraft:damage":"50"},"schema_version":1},{"DataVersion":4903,"id":"minecraft:diamond_helmet","count":1,"components":{"minecraft:damage":"50"},"schema_version":1},{"DataVersion":4903,"id":"minecraft:enchanted_book","count":1,"components":{"minecraft:stored_enchantments":"{\"minecraft:riptide\":3}"},"schema_version":1},{"DataVersion":4903,"id":"minecraft:bone","count":34,"schema_version":1},{"DataVersion":4903,"id":"minecraft:diamond_leggings","count":1,"components":{"minecraft:damage":"50"},"schema_version":1},{"DataVersion":4903,"id":"minecraft:lapis_lazuli","count":4,"schema_version":1},{"DataVersion":4903,"id":"minecraft:bucket","count":1,"schema_version":1},{"DataVersion":4903,"id":"minecraft:flow_banner_pattern","count":1,"schema_version":1},{"DataVersion":4903,"id":"minecraft:diamond","count":3,"schema_version":1},{"DataVersion":4903,"id":"minecraft:emerald","count":48,"schema_version":1},{"DataVersion":4903,"id":"minecraft:coal","count":6,"schema_version":1},{"DataVersion":4903,"id":"minecraft:iron_ingot","count":12,"schema_version":1},{"DataVersion":4903,"id":"minecraft:diamond_boots","count":1,"components":{"minecraft:damage":"50"},"schema_version":1},{"DataVersion":4903,"id":"minecraft:flow_armor_trim_smithing_template","count":1,"schema_version":1},{"DataVersion":4903,"id":"minecraft:tipped_arrow","count":15,"components":{"minecraft:potion_contents":"{potion:\"minecraft:strong_slowness\"}"},"schema_version":1},{"DataVersion":4903,"id":"minecraft:yellow_bed","count":1,"schema_version":1},{"DataVersion":4903,"id":"minecraft:breeze_rod","count":2,"schema_version":1},{"DataVersion":4903,"id":"minecraft:birch_log","count":51,"schema_version":1},{"DataVersion":4903,"id":"minecraft:raw_iron","count":9,"schema_version":1},{"DataVersion":4903,"id":"minecraft:wind_charge","count":29,"schema_version":1}]}}}"
"2026-09-10T17:49:24Z";"CREATE_CHEST";"{"chest":{"location":{"world":"world","x":119.0,"y":53.0,"z":-388.0},"createdAt":1789062564230,"expireAt":1789063164230,"owner":{"name":"Helios6212","op":false,"id":"d28033d0-beb9-3797-994e-80625461d2a7","entity-id":1,"location":{"world":"world","x":119.27707587175976,"y":53.64301637603245,"z":-387.28352570211786,"yaw":-176.34615,"pitch":84.46386}},"isProtected":false,"inventory":{"type":"CHEST","size":27,"content":[{"DataVersion":4903,"id":"minecraft:bow","count":1,"components":{"minecraft:enchantments":"{\"minecraft:unbreaking\":1}","minecraft:damage":"4"},"schema_version":1},{"DataVersion":4903,"id":"minecraft:birch_planks","count":27,"schema_version":1},{"DataVersion":4903,"id":"minecraft:crafting_table","count":1,"schema_version":1},{"DataVersion":4903,"id":"minecraft:dirt","count":2,"schema_version":1},{"DataVersion":4903,"id":"minecraft:slime_ball","count":13,"schema_version":1},{"DataVersion":4903,"id":"minecraft:potion","count":1,"components":{"minecraft:potion_contents":"{potion:\"minecraft:swiftness\"}"},"schema_version":1},{"DataVersion":4903,"id":"minecraft:stick","count":21,"schema_version":1},{"DataVersion":4903,"id":"minecraft:arrow","count":1,"schema_version":1},{"DataVersion":4903,"id":"minecraft:arrow","count":64,"schema_version":1},{"DataVersion":4903,"id":"minecraft:flow_armor_trim_smithing_template","count":1,"schema_version":1},{"DataVersion":4903,"id":"minecraft:trial_key","count":5,"schema_version":1},{"DataVersion":4903,"id":"minecraft:ominous_bottle","count":1,"schema_version":1},{"DataVersion":4903,"id":"minecraft:diamond_leggings","count":1,"components":{"minecraft:damage":"50"},"schema_version":1},{"DataVersion":4903,"id":"minecraft:lapis_lazuli","count":4,"schema_version":1},{"DataVersion":4903,"id":"minecraft:bucket","count":1,"schema_version":1},{"DataVersion":4903,"id":"minecraft:flow_banner_pattern","count":1,"schema_version":1},{"DataVersion":4903,"id":"minecraft:diamond","count":3,"schema_version":1},{"DataVersion":4903,"id":"minecraft:emerald","count":48,"schema_version":1},{"DataVersion":4903,"id":"minecraft:diamond_boots","count":1,"components":{"minecraft:damage":"50"},"schema_version":1},{"DataVersion":4903,"id":"minecraft:iron_ingot","count":12,"schema_version":1},{"DataVersion":4903,"id":"minecraft:enchanted_book","count":1,"components":{"minecraft:stored_enchantments":"{\"minecraft:riptide\":3}"},"schema_version":1},{"DataVersion":4903,"id":"minecraft:diamond_pickaxe","count":1,"components":{"minecraft:damage":"43"},"schema_version":1},{"DataVersion":4903,"id":"minecraft:diamond_chestplate","count":1,"components":{"minecraft:damage":"50"},"schema_version":1},{"DataVersion":4903,"id":"minecraft:diamond_helmet","count":1,"components":{"minecraft:damage":"50"},"schema_version":1},{"DataVersion":4903,"id":"minecraft:bone","count":34,"schema_version":1},{"DataVersion":4903,"id":"minecraft:diamond_sword","count":1,"components":{"minecraft:damage":"141"},"schema_version":1},{"DataVersion":4903,"id":"minecraft:diamond_axe","count":1,"components":{"minecraft:damage":"5"},"schema_version":1}]}}}"
"2026-09-10T17:50:10Z";"DESTROY_CHEST";"{"chest":{"location":{"world":"world","x":114.0,"y":55.0,"z":-391.0},"createdAt":1789062550382,"expireAt":1789063150382,"owner":{"name":"Helios6212","op":false,"id":"d28033d0-beb9-3797-994e-80625461d2a7","entity-id":1,"location":{"world":"world","x":114.59586816276024,"y":53.31589262364617,"z":-389.53353950403056,"yaw":87.45138,"pitch":19.736544}},"isProtected":false,"inventory":{"type":"CHEST","size":36,"content":[]}},"reason":"PLAYER","extra":{"player":{"name":"Helios6212","op":false,"id":"d28033d0-beb9-3797-994e-80625461d2a7","entity-id":1,"location":{"world":"world","x":114.59586816276024,"y":53.31589262364617,"z":-389.53353950403056,"yaw":87.45138,"pitch":19.736544}}}}"
"2026-09-10T17:53:15Z";"CREATE_CHEST";"{"chest":{"location":{"world":"world","x":565.0,"y":58.0,"z":-358.0},"createdAt":1789062795636,"expireAt":1789063395636,"owner":{"name":"Rajann_","op":false,"id":"9b355652-2589-30bb-8572-ef2bce079cfd","entity-id":4187,"location":{"world":"world","x":565.4516725599406,"y":58.3413897684043,"z":-357.3583165743329,"yaw":-101.895935,"pitch":67.65}},"isProtected":false,"inventory":{"type":"CHEST","size":36,"content":[{"DataVersion":4903,"id":"minecraft:diamond_sword","count":1,"components":{"minecraft:damage":"89"},"schema_version":1},{"DataVersion":4903,"id":"minecraft:iron_pickaxe","count":1,"components":{"minecraft:damage":"50"},"schema_version":1},{"DataVersion":4903,"id":"minecraft:iron_axe","count":1,"components":{"minecraft:damage":"1"},"schema_version":1},{"DataVersion":4903,"id":"minecraft:cobbled_deepslate","count":34,"schema_version":1},{"DataVersion":4903,"id":"minecraft:birch_log","count":3,"schema_version":1},{"DataVersion":4903,"id":"minecraft:crafting_table","count":1,"schema_version":1},{"DataVersion":4903,"id":"minecraft:oak_boat","count":1,"schema_version":1},{"DataVersion":4903,"id":"minecraft:kelp","count":3,"schema_version":1},{"DataVersion":4903,"id":"minecraft:oak_planks","count":5,"schema_version":1},{"DataVersion":4903,"id":"minecraft:bone","count":2,"schema_version":1},{"DataVersion":4903,"id":"minecraft:tipped_arrow","count":1,"components":{"minecraft:potion_contents":"{potion:\"minecraft:poison\"}"},"schema_version":1},{"DataVersion":4903,"id":"minecraft:diamond","count":20,"schema_version":1},{"DataVersion":4903,"id":"minecraft:ominous_bottle","count":1,"schema_version":1},{"DataVersion":4903,"id":"minecraft:red_mushroom","count":3,"schema_version":1},{"DataVersion":4903,"id":"minecraft:trial_key","count":4,"schema_version":1},{"DataVersion":4903,"id":"minecraft:guster_banner_pattern","count":1,"schema_version":1},{"DataVersion":4903,"id":"minecraft:furnace","count":1,"schema_version":1},{"DataVersion":4903,"id":"minecraft:dispenser","count":1,"schema_version":1},{"DataVersion":4903,"id":"minecraft:iron_ingot","count":14,"schema_version":1},{"DataVersion":4903,"id":"minecraft:copper_chestplate","count":1,"components":{"minecraft:damage":"93"},"schema_version":1},{"DataVersion":4903,"id":"minecraft:brick","count":42,"schema_version":1},{"DataVersion":4903,"id":"minecraft:torch","count":14,"schema_version":1},{"DataVersion":4903,"id":"minecraft:arrow","count":18,"schema_version":1},{"DataVersion":4903,"id":"minecraft:bolt_armor_trim_smithing_template","count":1,"schema_version":1},{"DataVersion":4903,"id":"minecraft:shield","count":1,"components":{"minecraft:damage":"153"},"schema_version":1},{"DataVersion":4903,"id":"minecraft:copper_boots","count":1,"components":{"minecraft:damage":"116"},"schema_version":1},{"DataVersion":4903,"id":"minecraft:copper_leggings","count":1,"components":{"minecraft:damage":"120"},"schema_version":1},{"DataVersion":4903,"id":"minecraft:iron_chestplate","count":1,"components":{"minecraft:damage":"40"},"schema_version":1},{"DataVersion":4903,"id":"minecraft:copper_helmet","count":1,"components":{"minecraft:damage":"119"},"schema_version":1},{"DataVersion":4903,"id":"minecraft:torch","count":1,"schema_version":1}]}}}"
"2026-09-10T17:53:29Z";"DESTROY_CHEST";"{"chest":{"location":{"world":"world","x":565.0,"y":58.0,"z":-358.0},"createdAt":1789062795636,"expireAt":1789063395636,"owner":{"name":"Rajann_","op":false,"id":"9b355652-2589-30bb-8572-ef2bce079cfd","entity-id":4187,"location":{"world":"world","x":565.5,"y":58.875,"z":-357.5,"yaw":-86.445915,"pitch":90.0}},"isProtected":false,"inventory":{"type":"CHEST","size":36,"content":[]}},"reason":"PLAYER","extra":{"player":{"name":"Rajann_","op":false,"id":"9b355652-2589-30bb-8572-ef2bce079cfd","entity-id":4187,"location":{"world":"world","x":565.5,"y":58.875,"z":-357.5,"yaw":-86.445915,"pitch":90.0}}}}"
"2026-09-10T17:55:31Z";"CREATE_CHEST";"{"chest":{"location":{"world":"world","x":902.0,"y":74.0,"z":-302.0},"createdAt":1789062931139,"expireAt":1789063531139,"owner":{"name":"sutan","op":false,"id":"c1c908f0-ac06-3e6d-8b5b-fa796248506c","entity-id":196,"location":{"world":"world","x":902.700762991873,"y":74.0,"z":-301.3529422741172,"yaw":-174.6611,"pitch":37.050022}},"isProtected":false,"inventory":{"type":"CHEST","size":45,"content":[{"DataVersion":4903,"id":"minecraft:slime_ball","count":6,"schema_version":1},{"DataVersion":4903,"id":"minecraft:diamond_sword","count":1,"components":{"minecraft:damage":"121"},"schema_version":1},{"DataVersion":4903,"id":"minecraft:iron_axe","count":1,"components":{"minecraft:damage":"79"},"schema_version":1},{"DataVersion":4903,"id":"minecraft:acacia_boat","count":1,"schema_version":1},{"DataVersion":4903,"id":"minecraft:waxed_copper_block","count":1,"schema_version":1},{"DataVersion":4903,"id":"minecraft:wind_charge","count":6,"schema_version":1},{"DataVersion":4903,"id":"minecraft:brick","count":8,"schema_version":1},{"DataVersion":4903,"id":"minecraft:iron_pickaxe","count":1,"components":{"minecraft:damage":"126"},"schema_version":1},{"DataVersion":4903,"id":"minecraft:birch_boat","count":1,"schema_version":1},{"DataVersion":4903,"id":"minecraft:emerald","count":14,"schema_version":1},{"DataVersion":4903,"id":"minecraft:waxed_weathered_copper_bulb","count":1,"schema_version":1},{"DataVersion":4903,"id":"minecraft:diamond","count":3,"schema_version":1},{"DataVersion":4903,"id":"minecraft:candle","count":2,"schema_version":1},{"DataVersion":4903,"id":"minecraft:arrow","count":6,"schema_version":1},{"DataVersion":4903,"id":"minecraft:tipped_arrow","count":9,"components":{"minecraft:potion_contents":"{potion:\"minecraft:strong_slowness\"}"},"schema_version":1},{"DataVersion":4903,"id":"minecraft:raw_gold","count":9,"schema_version":1},{"DataVersion":4903,"id":"minecraft:waxed_oxidized_cut_copper_stairs","count":1,"schema_version":1},{"DataVersion":4903,"id":"minecraft:tuff_bricks","count":5,"schema_version":1},{"DataVersion":4903,"id":"minecraft:chiseled_tuff","count":1,"schema_version":1},{"DataVersion":4903,"id":"minecraft:breeze_rod","count":7,"schema_version":1},{"DataVersion":4903,"id":"minecraft:andesite","count":1,"schema_version":1},{"DataVersion":4903,"id":"minecraft:copper_chestplate","count":1,"components":{"minecraft:damage":"53"},"schema_version":1},{"DataVersion":4903,"id":"minecraft:tipped_arrow","count":11,"components":{"minecraft:potion_contents":"{potion:\"minecraft:poison\"}"},"schema_version":1},{"DataVersion":4903,"id":"minecraft:torch","count":5,"schema_version":1},{"DataVersion":4903,"id":"minecraft:bow","count":1,"components":{"minecraft:enchantments":"{\"minecraft:power\":2}","minecraft:damage":"12"},"schema_version":1},{"DataVersion":4903,"id":"minecraft:waxed_copper_bulb","count":1,"schema_version":1},{"DataVersion":4903,"id":"minecraft:waxed_copper_grate","count":5,"schema_version":1},{"DataVersion":4903,"id":"minecraft:decorated_pot","count":1,"components":{"minecraft:pot_decorations":"[\"minecraft:scrape_pottery_sherd\",\"minecraft:brick\",\"minecraft:brick\",\"minecraft:brick\"]"},"schema_version":1},{"DataVersion":4903,"id":"minecraft:bone","count":9,"schema_version":1},{"DataVersion":4903,"id":"minecraft:leaf_litter","count":3,"schema_version":1},{"DataVersion":4903,"id":"minecraft:iron_ingot","count":2,"schema_version":1},{"DataVersion":4903,"id":"minecraft:iron_pickaxe","count":1,"components":{"minecraft:damage":"202"},"schema_version":1},{"DataVersion":4903,"id":"minecraft:dirt","count":1,"schema_version":1},{"DataVersion":4903,"id":"minecraft:flow_armor_trim_smithing_template","count":1,"schema_version":1},{"DataVersion":4903,"id":"minecraft:polished_tuff","count":1,"schema_version":1},{"DataVersion":4903,"id":"minecraft:waxed_oxidized_cut_copper","count":1,"schema_version":1},{"DataVersion":4903,"id":"minecraft:iron_boots","count":1,"components":{"minecraft:damage":"78"},"schema_version":1},{"DataVersion":4903,"id":"minecraft:iron_leggings","count":1,"components":{"minecraft:damage":"91"},"schema_version":1},{"DataVersion":4903,"id":"minecraft:iron_chestplate","count":1,"components":{"minecraft:enchantments":"{\"minecraft:unbreaking\":1}","minecraft:damage":"49"},"schema_version":1},{"DataVersion":4903,"id":"minecraft:iron_helmet","count":1,"components":{"minecraft:damage":"74"},"schema_version":1},{"DataVersion":4903,"id":"minecraft:shield","count":1,"components":{"minecraft:damage":"61"},"schema_version":1}]}}}"
"2026-09-10T17:55:42Z";"DESTROY_CHEST";"{"chest":{"location":{"world":"world","x":902.0,"y":74.0,"z":-302.0},"createdAt":1789062931139,"expireAt":1789063531139,"owner":{"name":"sutan","op":false,"id":"c1c908f0-ac06-3e6d-8b5b-fa796248506c","entity-id":196,"location":{"world":"world","x":903.5259398235582,"y":74.0,"z":-301.03599990058217,"yaw":120.98891,"pitch":44.550003}},"isProtected":false,"inventory":{"type":"CHEST","size":45,"content":[]}},"reason":"BREAK","extra":{"player":{"name":"sutan","op":false,"id":"c1c908f0-ac06-3e6d-8b5b-fa796248506c","entity-id":196,"location":{"world":"world","x":903.5259398235582,"y":74.0,"z":-301.03599990058217,"yaw":120.98891,"pitch":44.550003}}}}"
"2026-09-10T17:56:28Z";"CREATE_CHEST";"{"chest":{"location":{"world":"world","x":945.0,"y":72.0,"z":-301.0},"createdAt":1789062988782,"expireAt":1789063588782,"owner":{"name":"Rajann_","op":false,"id":"9b355652-2589-30bb-8572-ef2bce079cfd","entity-id":4187,"location":{"world":"world","x":945.2145748809086,"y":72.0,"z":-300.5301794744692,"yaw":64.540955,"pitch":-6.7523646}},"isProtected":false,"inventory":{"type":"CHEST","size":36,"content":[{"DataVersion":4903,"id":"minecraft:diamond_sword","count":1,"components":{"minecraft:damage":"105"},"schema_version":1},{"DataVersion":4903,"id":"minecraft:iron_ingot","count":14,"schema_version":1},{"DataVersion":4903,"id":"minecraft:oak_boat","count":1,"schema_version":1},{"DataVersion":4903,"id":"minecraft:leather","count":2,"schema_version":1},{"DataVersion":4903,"id":"minecraft:mutton","count":5,"schema_version":1},{"DataVersion":4903,"id":"minecraft:feather","count":1,"schema_version":1},{"DataVersion":4903,"id":"minecraft:chicken","count":2,"schema_version":1},{"DataVersion":4903,"id":"minecraft:copper_chestplate","count":1,"components":{"minecraft:damage":"53"},"schema_version":1},{"DataVersion":4903,"id":"minecraft:bolt_armor_trim_smithing_template","count":1,"schema_version":1},{"DataVersion":4903,"id":"minecraft:torch","count":15,"schema_version":1},{"DataVersion":4903,"id":"minecraft:brick","count":42,"schema_version":1},{"DataVersion":4903,"id":"minecraft:iron_chestplate","count":1,"components":{"minecraft:damage":"40"},"schema_version":1},{"DataVersion":4903,"id":"minecraft:white_wool","count":3,"schema_version":1},{"DataVersion":4903,"id":"minecraft:arrow","count":18,"schema_version":1},{"DataVersion":4903,"id":"minecraft:ominous_bottle","count":1,"schema_version":1},{"DataVersion":4903,"id":"minecraft:diamond","count":20,"schema_version":1},{"DataVersion":4903,"id":"minecraft:tipped_arrow","count":1,"components":{"minecraft:potion_contents":"{potion:\"minecraft:poison\"}"},"schema_version":1},{"DataVersion":4903,"id":"minecraft:bone","count":2,"schema_version":1},{"DataVersion":4903,"id":"minecraft:iron_axe","count":1,"components":{"minecraft:damage":"1"},"schema_version":1},{"DataVersion":4903,"id":"minecraft:birch_log","count":3,"schema_version":1},{"DataVersion":4903,"id":"minecraft:trial_key","count":4,"schema_version":1},{"DataVersion":4903,"id":"minecraft:guster_banner_pattern","count":1,"schema_version":1},{"DataVersion":4903,"id":"minecraft:furnace","count":1,"schema_version":1},{"DataVersion":4903,"id":"minecraft:oak_planks","count":5,"schema_version":1},{"DataVersion":4903,"id":"minecraft:kelp","count":3,"schema_version":1},{"DataVersion":4903,"id":"minecraft:shield","count":1,"components":{"minecraft:damage":"153"},"schema_version":1},{"DataVersion":4903,"id":"minecraft:crafting_table","count":1,"schema_version":1},{"DataVersion":4903,"id":"minecraft:cobbled_deepslate","count":34,"schema_version":1},{"DataVersion":4903,"id":"minecraft:iron_pickaxe","count":1,"components":{"minecraft:damage":"50"},"schema_version":1},{"DataVersion":4903,"id":"minecraft:copper_boots","count":1,"components":{"minecraft:damage":"120"},"schema_version":1},{"DataVersion":4903,"id":"minecraft:copper_leggings","count":1,"components":{"minecraft:damage":"124"},"schema_version":1},{"DataVersion":4903,"id":"minecraft:iron_chestplate","count":1,"components":{"minecraft:enchantments":"{\"minecraft:unbreaking\":1}","minecraft:damage":"53"},"schema_version":1}]}}}"
"2026-09-10T17:56:42Z";"DESTROY_CHEST";"{"chest":{"location":{"world":"world","x":945.0,"y":72.0,"z":-301.0},"createdAt":1789062988782,"expireAt":1789063588782,"owner":{"name":"Rajann_","op":false,"id":"9b355652-2589-30bb-8572-ef2bce079cfd","entity-id":4187,"location":{"world":"world","x":944.4649594017875,"y":72.0,"z":-299.7420952017143,"yaw":-139.45908,"pitch":44.247635}},"isProtected":false,"inventory":{"type":"CHEST","size":36,"content":[]}},"reason":"PLAYER","extra":{"player":{"name":"Rajann_","op":false,"id":"9b355652-2589-30bb-8572-ef2bce079cfd","entity-id":4187,"location":{"world":"world","x":944.4649594017875,"y":72.0,"z":-299.7420952017143,"yaw":-139.45908,"pitch":44.247635}}}}"
"2026-09-10T17:57:08Z";"CREATE_CHEST";"{"chest":{"location":{"world":"world","x":942.0,"y":72.0,"z":-304.0},"createdAt":1789063028030,"expireAt":1789063628030,"owner":{"name":"Helios6212","op":false,"id":"d28033d0-beb9-3797-994e-80625461d2a7","entity-id":1,"location":{"world":"world","x":942.5555074796746,"y":72.0,"z":-303.3546131231331,"yaw":10.894806,"pitch":-5.484302}},"isProtected":false,"inventory":{"type":"CHEST","size":27,"content":[{"DataVersion":4903,"id":"minecraft:diamond_sword","count":1,"components":{"minecraft:damage":"162"},"schema_version":1},{"DataVersion":4903,"id":"minecraft:diamond_axe","count":1,"components":{"minecraft:damage":"13"},"schema_version":1},{"DataVersion":4903,"id":"minecraft:diamond_pickaxe","count":1,"components":{"minecraft:damage":"43"},"schema_version":1},{"DataVersion":4903,"id":"minecraft:beef","count":2,"schema_version":1},{"DataVersion":4903,"id":"minecraft:tipped_arrow","count":15,"components":{"minecraft:potion_contents":"{potion:\"minecraft:strong_slowness\"}"},"schema_version":1},{"DataVersion":4903,"id":"minecraft:yellow_bed","count":1,"schema_version":1},{"DataVersion":4903,"id":"minecraft:leather","count":5,"schema_version":1},{"DataVersion":4903,"id":"minecraft:oak_log","count":4,"schema_version":1},{"DataVersion":4903,"id":"minecraft:oak_sapling","count":1,"schema_version":1},{"DataVersion":4903,"id":"minecraft:birch_planks","count":64,"schema_version":1},{"DataVersion":4903,"id":"minecraft:birch_planks","count":39,"schema_version":1},{"DataVersion":4903,"id":"minecraft:ominous_bottle","count":1,"schema_version":1},{"DataVersion":4903,"id":"minecraft:wind_charge","count":19,"schema_version":1},{"DataVersion":4903,"id":"minecraft:raw_iron","count":9,"schema_version":1},{"DataVersion":4903,"id":"minecraft:stick","count":17,"schema_version":1},{"DataVersion":4903,"id":"minecraft:birch_planks","count":64,"schema_version":1},{"DataVersion":4903,"id":"minecraft:breeze_rod","count":2,"schema_version":1},{"DataVersion":4903,"id":"minecraft:coal","count":10,"schema_version":1},{"DataVersion":4903,"id":"minecraft:diamond_boots","count":1,"components":{"minecraft:damage":"58"},"schema_version":1},{"DataVersion":4903,"id":"minecraft:diamond_leggings","count":1,"components":{"minecraft:damage":"58"},"schema_version":1},{"DataVersion":4903,"id":"minecraft:diamond_chestplate","count":1,"components":{"minecraft:damage":"58"},"schema_version":1},{"DataVersion":4903,"id":"minecraft:diamond_helmet","count":1,"components":{"minecraft:damage":"58"},"schema_version":1}]}}}"
"2026-09-10T17:58:01Z";"CREATE_CHEST";"{"chest":{"location":{"world":"world","x":881.0,"y":70.0,"z":-289.0},"createdAt":1789063081279,"expireAt":1789063681279,"owner":{"name":"Rajann_","op":false,"id":"9b355652-2589-30bb-8572-ef2bce079cfd","entity-id":4187,"location":{"world":"world","x":881.2814413151901,"y":70.0,"z":-287.873142125541,"yaw":33.04138,"pitch":-4.952346}},"isProtected":false,"inventory":{"type":"CHEST","size":36,"content":[{"DataVersion":4903,"id":"minecraft:diamond_sword","count":1,"components":{"minecraft:damage":"105"},"schema_version":1},{"DataVersion":4903,"id":"minecraft:guster_banner_pattern","count":1,"schema_version":1},{"DataVersion":4903,"id":"minecraft:ominous_bottle","count":1,"schema_version":1},{"DataVersion":4903,"id":"minecraft:chicken","count":2,"schema_version":1},{"DataVersion":4903,"id":"minecraft:bolt_armor_trim_smithing_template","count":1,"schema_version":1},{"DataVersion":4903,"id":"minecraft:diamond_axe","count":1,"components":{"minecraft:damage":"15"},"schema_version":1},{"DataVersion":4903,"id":"minecraft:feather","count":1,"schema_version":1},{"DataVersion":4903,"id":"minecraft:copper_chestplate","count":1,"components":{"minecraft:damage":"53"},"schema_version":1},{"DataVersion":4903,"id":"minecraft:diamond","count":20,"schema_version":1},{"DataVersion":4903,"id":"minecraft:tipped_arrow","count":2,"components":{"minecraft:potion_contents":"{potion:\"minecraft:poison\"}"},"schema_version":1},{"DataVersion":4903,"id":"minecraft:furnace","count":1,"schema_version":1},{"DataVersion":4903,"id":"minecraft:arrow","count":18,"schema_version":1},{"DataVersion":4903,"id":"minecraft:iron_chestplate","count":1,"components":{"minecraft:damage":"40"},"schema_version":1},{"DataVersion":4903,"id":"minecraft:trial_key","count":4,"schema_version":1},{"DataVersion":4903,"id":"minecraft:cobbled_deepslate","count":34,"schema_version":1},{"DataVersion":4903,"id":"minecraft:iron_axe","count":1,"components":{"minecraft:damage":"1"},"schema_version":1},{"DataVersion":4903,"id":"minecraft:iron_ingot","count":14,"schema_version":1},{"DataVersion":4903,"id":"minecraft:torch","count":15,"schema_version":1},{"DataVersion":4903,"id":"minecraft:white_wool","count":3,"schema_version":1},{"DataVersion":4903,"id":"minecraft:oak_planks","count":5,"schema_version":1},{"DataVersion":4903,"id":"minecraft:kelp","count":3,"schema_version":1},{"DataVersion":4903,"id":"minecraft:crafting_table","count":1,"schema_version":1},{"DataVersion":4903,"id":"minecraft:bone","count":2,"schema_version":1},{"DataVersion":4903,"id":"minecraft:leather","count":2,"schema_version":1},{"DataVersion":4903,"id":"minecraft:brick","count":42,"schema_version":1},{"DataVersion":4903,"id":"minecraft:mutton","count":5,"schema_version":1},{"DataVersion":4903,"id":"minecraft:oak_boat","count":1,"schema_version":1},{"DataVersion":4903,"id":"minecraft:birch_log","count":3,"schema_version":1},{"DataVersion":4903,"id":"minecraft:iron_pickaxe","count":1,"components":{"minecraft:damage":"50"},"schema_version":1},{"DataVersion":4903,"id":"minecraft:copper_boots","count":1,"components":{"minecraft:damage":"129"},"schema_version":1},{"DataVersion":4903,"id":"minecraft:copper_leggings","count":1,"components":{"minecraft:damage":"133"},"schema_version":1},{"DataVersion":4903,"id":"minecraft:iron_chestplate","count":1,"components":{"minecraft:enchantments":"{\"minecraft:unbreaking\":1}","minecraft:damage":"59"},"schema_version":1},{"DataVersion":4903,"id":"minecraft:shield","count":1,"components":{"minecraft:damage":"321"},"schema_version":1}]}}}"
"2026-09-10T17:58:09Z";"CREATE_CHEST";"{"chest":{"location":{"world":"world","x":880.0,"y":70.0,"z":-287.0},"createdAt":1789063089129,"expireAt":1789063689129,"owner":{"name":"Rajann_","op":false,"id":"9b355652-2589-30bb-8572-ef2bce079cfd","entity-id":4187,"location":{"world":"world","x":880.1653630871077,"y":70.0,"z":-286.37505695428086,"yaw":162.34137,"pitch":37.94765}},"isProtected":false,"inventory":{"type":"CHEST","size":18,"content":[{"DataVersion":4903,"id":"minecraft:white_wool","count":3,"schema_version":1},{"DataVersion":4903,"id":"minecraft:tipped_arrow","count":2,"components":{"minecraft:potion_contents":"{potion:\"minecraft:poison\"}"},"schema_version":1},{"DataVersion":4903,"id":"minecraft:furnace","count":1,"schema_version":1},{"DataVersion":4903,"id":"minecraft:guster_banner_pattern","count":1,"schema_version":1},{"DataVersion":4903,"id":"minecraft:chicken","count":2,"schema_version":1},{"DataVersion":4903,"id":"minecraft:bolt_armor_trim_smithing_template","count":1,"schema_version":1},{"DataVersion":4903,"id":"minecraft:feather","count":1,"schema_version":1},{"DataVersion":4903,"id":"minecraft:diamond","count":20,"schema_version":1},{"DataVersion":4903,"id":"minecraft:leather","count":2,"schema_version":1},{"DataVersion":4903,"id":"minecraft:copper_leggings","count":1,"components":{"minecraft:damage":"133"},"schema_version":1},{"DataVersion":4903,"id":"minecraft:copper_boots","count":1,"components":{"minecraft:damage":"129"},"schema_version":1},{"DataVersion":4903,"id":"minecraft:iron_pickaxe","count":1,"components":{"minecraft:damage":"50"},"schema_version":1}]}}}"
"2026-09-10T17:58:19Z";"DESTROY_CHEST";"{"chest":{"location":{"world":"world","x":881.0,"y":70.0,"z":-289.0},"createdAt":1789063081279,"expireAt":1789063681279,"owner":{"name":"Rajann_","op":false,"id":"9b355652-2589-30bb-8572-ef2bce079cfd","entity-id":4187,"location":{"world":"world","x":879.5765274802515,"y":70.0,"z":-287.7055729038394,"yaw":-38.65866,"pitch":29.997652}},"isProtected":false,"inventory":{"type":"CHEST","size":36,"content":[]}},"reason":"THIEF","extra":{"player":{"name":"sutan","op":false,"id":"c1c908f0-ac06-3e6d-8b5b-fa796248506c","entity-id":196,"location":{"world":"world","x":884.226514179059,"y":70.0,"z":-288.36652571677564,"yaw":95.48773,"pitch":21.600094}}}}"
"2026-09-10T17:58:22Z";"DESTROY_CHEST";"{"chest":{"location":{"world":"world","x":880.0,"y":70.0,"z":-287.0},"createdAt":1789063089129,"expireAt":1789063689129,"owner":{"name":"Rajann_","op":false,"id":"9b355652-2589-30bb-8572-ef2bce079cfd","entity-id":4187,"location":{"world":"world","x":879.5765274802515,"y":70.0,"z":-287.7055729038394,"yaw":-38.65866,"pitch":29.997652}},"isProtected":false,"inventory":{"type":"CHEST","size":18,"content":[]}},"reason":"PLAYER","extra":{"player":{"name":"Rajann_","op":false,"id":"9b355652-2589-30bb-8572-ef2bce079cfd","entity-id":4187,"location":{"world":"world","x":879.5765274802515,"y":70.0,"z":-287.7055729038394,"yaw":-38.65866,"pitch":29.997652}}}}"
"2026-09-10T17:58:32Z";"DESTROY_CHEST";"{"chest":{"location":{"world":"world","x":942.0,"y":72.0,"z":-304.0},"createdAt":1789063028030,"expireAt":1789063628030,"owner":{"name":"Helios6212","op":false,"id":"d28033d0-beb9-3797-994e-80625461d2a7","entity-id":1,"location":{"world":"world","x":944.5080866390296,"y":73.0,"z":-303.4996359261299,"yaw":114.51996,"pitch":49.95681}},"isProtected":false,"inventory":{"type":"CHEST","size":27,"content":[]}},"reason":"PLAYER","extra":{"player":{"name":"Helios6212","op":false,"id":"d28033d0-beb9-3797-994e-80625461d2a7","entity-id":1,"location":{"world":"world","x":944.5080866390296,"y":73.0,"z":-303.4996359261299,"yaw":114.51996,"pitch":49.95681}}}}"
"2026-09-10T17:58:50Z";"DESTROY_CHEST";"{"chest":{"location":{"world":"world","x":112.0,"y":58.0,"z":-398.0},"createdAt":1789062531037,"expireAt":1789063131037,"owner":{"name":"Helios6212","op":false,"id":"d28033d0-beb9-3797-994e-80625461d2a7","entity-id":1,"location":{"world":"world","x":943.1483490259275,"y":72.0,"z":-304.3169740069821,"yaw":-24.43927,"pitch":28.863533}},"isProtected":false,"inventory":{"type":"CHEST","size":36,"content":[{"DataVersion":4903,"id":"minecraft:torch","count":10,"schema_version":1},{"DataVersion":4903,"id":"minecraft:shield","count":1,"components":{"minecraft:damage":"146"},"schema_version":1}]}},"reason":"EXPIRATION","extra":{"item-drops":false}}"
"2026-09-10T17:59:23Z";"DESTROY_CHEST";"{"chest":{"location":{"world":"world","x":119.0,"y":53.0,"z":-388.0},"createdAt":1789062564230,"expireAt":1789063164230,"owner":{"name":"Helios6212","op":false,"id":"d28033d0-beb9-3797-994e-80625461d2a7","entity-id":1,"location":{"world":"world","x":883.1332731819853,"y":70.0,"z":-287.8653202626194,"yaw":-137.30597,"pitch":20.59723}},"isProtected":false,"inventory":{"type":"CHEST","size":27,"content":[{"DataVersion":4903,"id":"minecraft:bow","count":1,"components":{"minecraft:enchantments":"{\"minecraft:unbreaking\":1}","minecraft:damage":"4"},"schema_version":1},{"DataVersion":4903,"id":"minecraft:birch_planks","count":27,"schema_version":1},{"DataVersion":4903,"id":"minecraft:crafting_table","count":1,"schema_version":1},{"DataVersion":4903,"id":"minecraft:dirt","count":2,"schema_version":1},{"DataVersion":4903,"id":"minecraft:slime_ball","count":13,"schema_version":1},{"DataVersion":4903,"id":"minecraft:potion","count":1,"components":{"minecraft:potion_contents":"{potion:\"minecraft:swiftness\"}"},"schema_version":1},{"DataVersion":4903,"id":"minecraft:stick","count":21,"schema_version":1},{"DataVersion":4903,"id":"minecraft:arrow","count":1,"schema_version":1},{"DataVersion":4903,"id":"minecraft:arrow","count":64,"schema_version":1},{"DataVersion":4903,"id":"minecraft:flow_armor_trim_smithing_template","count":1,"schema_version":1},{"DataVersion":4903,"id":"minecraft:trial_key","count":5,"schema_version":1},{"DataVersion":4903,"id":"minecraft:lapis_lazuli","count":4,"schema_version":1},{"DataVersion":4903,"id":"minecraft:bucket","count":1,"schema_version":1},{"DataVersion":4903,"id":"minecraft:flow_banner_pattern","count":1,"schema_version":1},{"DataVersion":4903,"id":"minecraft:diamond","count":3,"schema_version":1},{"DataVersion":4903,"id":"minecraft:emerald","count":48,"schema_version":1},{"DataVersion":4903,"id":"minecraft:iron_ingot","count":12,"schema_version":1},{"DataVersion":4903,"id":"minecraft:enchanted_book","count":1,"components":{"minecraft:stored_enchantments":"{\"minecraft:riptide\":3}"},"schema_version":1},{"DataVersion":4903,"id":"minecraft:bone","count":34,"schema_version":1}]}},"reason":"EXPIRATION","extra":{"item-drops":false}}"
"2026-09-10T18:02:48Z";"CREATE_CHEST";"{"chest":{"location":{"world":"world","x":939.0,"y":71.0,"z":-303.0},"createdAt":1789063368979,"expireAt":1789063968979,"owner":{"name":"Rajann_","op":false,"id":"9b355652-2589-30bb-8572-ef2bce079cfd","entity-id":4187,"location":{"world":"world","x":939.3196716116969,"y":71.0,"z":-302.1635842002291,"yaw":135.18713,"pitch":40.199844}},"isProtected":false,"inventory":{"type":"CHEST","size":36,"content":[{"DataVersion":4903,"id":"minecraft:diamond_sword","count":1,"components":{"minecraft:damage":"106"},"schema_version":1},{"DataVersion":4903,"id":"minecraft:diamond_pickaxe","count":1,"schema_version":1},{"DataVersion":4903,"id":"minecraft:diamond_axe","count":1,"schema_version":1},{"DataVersion":4903,"id":"minecraft:cooked_chicken","count":1,"schema_version":1},{"DataVersion":4903,"id":"minecraft:mutton","count":5,"schema_version":1},{"DataVersion":4903,"id":"minecraft:torch","count":15,"schema_version":1},{"DataVersion":4903,"id":"minecraft:stick","count":8,"schema_version":1},{"DataVersion":4903,"id":"minecraft:birch_planks","count":2,"schema_version":1},{"DataVersion":4903,"id":"minecraft:oak_boat","count":1,"schema_version":1},{"DataVersion":4903,"id":"minecraft:copper_boots","count":1,"components":{"minecraft:damage":"133"},"schema_version":1},{"DataVersion":4903,"id":"minecraft:oak_planks","count":2,"schema_version":1},{"DataVersion":4903,"id":"minecraft:tipped_arrow","count":15,"components":{"minecraft:potion_contents":"{potion:\"minecraft:strong_slowness\"}"},"schema_version":1},{"DataVersion":4903,"id":"minecraft:bolt_armor_trim_smithing_template","count":1,"schema_version":1},{"DataVersion":4903,"id":"minecraft:furnace","count":1,"schema_version":1},{"DataVersion":4903,"id":"minecraft:white_wool","count":3,"schema_version":1},{"DataVersion":4903,"id":"minecraft:tipped_arrow","count":2,"components":{"minecraft:potion_contents":"{potion:\"minecraft:poison\"}"},"schema_version":1},{"DataVersion":4903,"id":"minecraft:guster_banner_pattern","count":1,"schema_version":1},{"DataVersion":4903,"id":"minecraft:leather","count":2,"schema_version":1},{"DataVersion":4903,"id":"minecraft:diamond","count":14,"schema_version":1},{"DataVersion":4903,"id":"minecraft:crafting_table","count":1,"schema_version":1},{"DataVersion":4903,"id":"minecraft:ominous_bottle","count":1,"schema_version":1},{"DataVersion":4903,"id":"minecraft:arrow","count":18,"schema_version":1},{"DataVersion":4903,"id":"minecraft:iron_axe","count":1,"components":{"minecraft:damage":"1"},"schema_version":1},{"DataVersion":4903,"id":"minecraft:iron_boots","count":1,"components":{"minecraft:damage":"6"},"schema_version":1},{"DataVersion":4903,"id":"minecraft:iron_leggings","count":1,"components":{"minecraft:damage":"6"},"schema_version":1},{"DataVersion":4903,"id":"minecraft:iron_chestplate","count":1,"components":{"minecraft:enchantments":"{\"minecraft:unbreaking\":1}","minecraft:damage":"64"},"schema_version":1},{"DataVersion":4903,"id":"minecraft:iron_helmet","count":1,"components":{"minecraft:damage":"6"},"schema_version":1},{"DataVersion":4903,"id":"minecraft:shield","count":1,"components":{"minecraft:damage":"321"},"schema_version":1}]}}}"
"2026-09-10T18:06:08Z";"CREATE_CHEST";"{"chest":{"location":{"world":"world","x":1089.0,"y":89.0,"z":-351.0},"createdAt":1789063568295,"expireAt":1789064168295,"owner":{"name":"sutan","op":false,"id":"c1c908f0-ac06-3e6d-8b5b-fa796248506c","entity-id":196,"location":{"world":"world","x":1090.300000011921,"y":91.00133597911214,"z":-351.47221343299043,"yaw":125.93872,"pitch":22.800133}},"isProtected":false,"inventory":{"type":"CHEST","size":36,"content":[{"DataVersion":4903,"id":"minecraft:diamond_sword","count":1,"components":{"minecraft:damage":"125"},"schema_version":1},{"DataVersion":4903,"id":"minecraft:acacia_boat","count":1,"schema_version":1},{"DataVersion":4903,"id":"minecraft:iron_axe","count":1,"components":{"minecraft:damage":"80"},"schema_version":1},{"DataVersion":4903,"id":"minecraft:iron_pickaxe","count":1,"components":{"minecraft:damage":"126"},"schema_version":1},{"DataVersion":4903,"id":"minecraft:bow","count":1,"components":{"minecraft:enchantments":"{\"minecraft:power\":2}","minecraft:damage":"25"},"schema_version":1},{"DataVersion":4903,"id":"minecraft:dispenser","count":1,"schema_version":1},{"DataVersion":4903,"id":"minecraft:diamond","count":3,"schema_version":1},{"DataVersion":4903,"id":"minecraft:candle","count":2,"schema_version":1},{"DataVersion":4903,"id":"minecraft:copper_chestplate","count":1,"components":{"minecraft:damage":"96"},"schema_version":1},{"DataVersion":4903,"id":"minecraft:waxed_copper_bulb","count":1,"schema_version":1},{"DataVersion":4903,"id":"minecraft:waxed_copper_grate","count":5,"schema_version":1},{"DataVersion":4903,"id":"minecraft:decorated_pot","count":1,"components":{"minecraft:pot_decorations":"[\"minecraft:scrape_pottery_sherd\",\"minecraft:brick\",\"minecraft:brick\",\"minecraft:brick\"]"},"schema_version":1},{"DataVersion":4903,"id":"minecraft:birch_planks","count":1,"schema_version":1},{"DataVersion":4903,"id":"minecraft:iron_pickaxe","count":1,"components":{"minecraft:damage":"202"},"schema_version":1},{"DataVersion":4903,"id":"minecraft:waxed_oxidized_cut_copper","count":1,"schema_version":1},{"DataVersion":4903,"id":"minecraft:wind_charge","count":6,"schema_version":1},{"DataVersion":4903,"id":"minecraft:chiseled_tuff","count":1,"schema_version":1},{"DataVersion":4903,"id":"minecraft:raw_gold","count":9,"schema_version":1},{"DataVersion":4903,"id":"minecraft:torch","count":5,"schema_version":1},{"DataVersion":4903,"id":"minecraft:emerald","count":14,"schema_version":1},{"DataVersion":4903,"id":"minecraft:bone","count":11,"schema_version":1},{"DataVersion":4903,"id":"minecraft:tipped_arrow","count":12,"components":{"minecraft:potion_contents":"{potion:\"minecraft:strong_slowness\"}"},"schema_version":1},{"DataVersion":4903,"id":"minecraft:polished_tuff","count":1,"schema_version":1},{"DataVersion":4903,"id":"minecraft:waxed_copper_block","count":1,"schema_version":1},{"DataVersion":4903,"id":"minecraft:arrow","count":5,"schema_version":1},{"DataVersion":4903,"id":"minecraft:flow_armor_trim_smithing_template","count":1,"schema_version":1},{"DataVersion":4903,"id":"minecraft:brick","count":50,"schema_version":1},{"DataVersion":4903,"id":"minecraft:tuff_bricks","count":5,"schema_version":1},{"DataVersion":4903,"id":"minecraft:breeze_rod","count":7,"schema_version":1},{"DataVersion":4903,"id":"minecraft:waxed_weathered_copper_bulb","count":1,"schema_version":1},{"DataVersion":4903,"id":"minecraft:iron_boots","count":1,"components":{"minecraft:damage":"97"},"schema_version":1},{"DataVersion":4903,"id":"minecraft:iron_leggings","count":1,"components":{"minecraft:damage":"110"},"schema_version":1},{"DataVersion":4903,"id":"minecraft:iron_chestplate","count":1,"components":{"minecraft:damage":"56"},"schema_version":1},{"DataVersion":4903,"id":"minecraft:iron_helmet","count":1,"components":{"minecraft:damage":"93"},"schema_version":1},{"DataVersion":4903,"id":"minecraft:shield","count":1,"components":{"minecraft:damage":"72"},"schema_version":1}]}}}"
"2026-09-10T18:06:28Z";"DESTROY_CHEST";"{"chest":{"location":{"world":"world","x":1089.0,"y":89.0,"z":-351.0},"createdAt":1789063568295,"expireAt":1789064168295,"owner":{"name":"sutan","op":false,"id":"c1c908f0-ac06-3e6d-8b5b-fa796248506c","entity-id":196,"location":{"world":"world","x":1090.0461511346966,"y":89.875,"z":-350.41092246232887,"yaw":110.03871,"pitch":72.15015}},"isProtected":false,"inventory":{"type":"CHEST","size":36,"content":[]}},"reason":"BREAK","extra":{"player":{"name":"sutan","op":false,"id":"c1c908f0-ac06-3e6d-8b5b-fa796248506c","entity-id":196,"location":{"world":"world","x":1090.0461511346966,"y":89.875,"z":-350.41092246232887,"yaw":110.03871,"pitch":72.15015}}}}"
"2026-09-10T18:07:05Z";"CREATE_CHEST";"{"chest":{"location":{"world":"world","x":1053.0,"y":97.0,"z":-446.0},"createdAt":1789063625603,"expireAt":1789064225603,"owner":{"name":"sutan","op":false,"id":"c1c908f0-ac06-3e6d-8b5b-fa796248506c","entity-id":196,"location":{"world":"world","x":1052.8985107048986,"y":97.0,"z":-447.3934647679314,"yaw":141.35971,"pitch":25.001448}},"isProtected":false,"inventory":{"type":"CHEST","size":36,"content":[{"DataVersion":4903,"id":"minecraft:diamond_sword","count":1,"components":{"minecraft:damage":"125"},"schema_version":1},{"DataVersion":4903,"id":"minecraft:iron_axe","count":1,"components":{"minecraft:damage":"82"},"schema_version":1},{"DataVersion":4903,"id":"minecraft:acacia_boat","count":1,"schema_version":1},{"DataVersion":4903,"id":"minecraft:iron_pickaxe","count":1,"components":{"minecraft:damage":"126"},"schema_version":1},{"DataVersion":4903,"id":"minecraft:dispenser","count":1,"schema_version":1},{"DataVersion":4903,"id":"minecraft:diamond","count":3,"schema_version":1},{"DataVersion":4903,"id":"minecraft:candle","count":2,"schema_version":1},{"DataVersion":4903,"id":"minecraft:copper_chestplate","count":1,"components":{"minecraft:damage":"96"},"schema_version":1},{"DataVersion":4903,"id":"minecraft:waxed_copper_bulb","count":1,"schema_version":1},{"DataVersion":4903,"id":"minecraft:waxed_copper_grate","count":5,"schema_version":1},{"DataVersion":4903,"id":"minecraft:decorated_pot","count":1,"components":{"minecraft:pot_decorations":"[\"minecraft:scrape_pottery_sherd\",\"minecraft:brick\",\"minecraft:brick\",\"minecraft:brick\"]"},"schema_version":1},{"DataVersion":4903,"id":"minecraft:birch_planks","count":1,"schema_version":1},{"DataVersion":4903,"id":"minecraft:iron_boots","count":1,"components":{"minecraft:damage":"97"},"schema_version":1},{"DataVersion":4903,"id":"minecraft:iron_leggings","count":1,"components":{"minecraft:damage":"110"},"schema_version":1},{"DataVersion":4903,"id":"minecraft:iron_chestplate","count":1,"components":{"minecraft:damage":"56"},"schema_version":1},{"DataVersion":4903,"id":"minecraft:iron_helmet","count":1,"components":{"minecraft:damage":"93"},"schema_version":1},{"DataVersion":4903,"id":"minecraft:waxed_oxidized_cut_copper","count":1,"schema_version":1},{"DataVersion":4903,"id":"minecraft:wind_charge","count":6,"schema_version":1},{"DataVersion":4903,"id":"minecraft:chiseled_tuff","count":1,"schema_version":1},{"DataVersion":4903,"id":"minecraft:raw_gold","count":9,"schema_version":1},{"DataVersion":4903,"id":"minecraft:torch","count":5,"schema_version":1},{"DataVersion":4903,"id":"minecraft:emerald","count":14,"schema_version":1},{"DataVersion":4903,"id":"minecraft:bone","count":13,"schema_version":1},{"DataVersion":4903,"id":"minecraft:tipped_arrow","count":12,"components":{"minecraft:potion_contents":"{potion:\"minecraft:strong_slowness\"}"},"schema_version":1},{"DataVersion":4903,"id":"minecraft:polished_tuff","count":1,"schema_version":1},{"DataVersion":4903,"id":"minecraft:waxed_copper_block","count":1,"schema_version":1},{"DataVersion":4903,"id":"minecraft:arrow","count":7,"schema_version":1},{"DataVersion":4903,"id":"minecraft:flow_armor_trim_smithing_template","count":1,"schema_version":1},{"DataVersion":4903,"id":"minecraft:brick","count":50,"schema_version":1},{"DataVersion":4903,"id":"minecraft:tuff_bricks","count":5,"schema_version":1},{"DataVersion":4903,"id":"minecraft:breeze_rod","count":7,"schema_version":1},{"DataVersion":4903,"id":"minecraft:waxed_weathered_copper_bulb","count":1,"schema_version":1},{"DataVersion":4903,"id":"minecraft:shield","count":1,"components":{"minecraft:damage":"72"},"schema_version":1},{"DataVersion":4903,"id":"minecraft:iron_pickaxe","count":1,"components":{"minecraft:damage":"202"},"schema_version":1},{"DataVersion":4903,"id":"minecraft:bow","count":1,"components":{"minecraft:enchantments":"{\"minecraft:power\":2}","minecraft:damage":"25"},"schema_version":1}]}}}"
"2026-09-10T18:07:13Z";"CREATE_CHEST";"{"chest":{"location":{"world":"world","x":1052.0,"y":97.0,"z":-445.0},"createdAt":1789063633729,"expireAt":1789064233729,"owner":{"name":"Rajann_","op":false,"id":"9b355652-2589-30bb-8572-ef2bce079cfd","entity-id":4187,"location":{"world":"world","x":1052.4476053351382,"y":97.0,"z":-444.56305419118786,"yaw":75.18699,"pitch":7.499821}},"isProtected":false,"inventory":{"type":"CHEST","size":27,"content":[{"DataVersion":4903,"id":"minecraft:diamond_sword","count":1,"components":{"minecraft:damage":"111"},"schema_version":1},{"DataVersion":4903,"id":"minecraft:diamond_pickaxe","count":1,"schema_version":1},{"DataVersion":4903,"id":"minecraft:diamond_axe","count":1,"components":{"minecraft:damage":"16"},"schema_version":1},{"DataVersion":4903,"id":"minecraft:string","count":1,"schema_version":1},{"DataVersion":4903,"id":"minecraft:cooked_mutton","count":4,"schema_version":1},{"DataVersion":4903,"id":"minecraft:diamond","count":14,"schema_version":1},{"DataVersion":4903,"id":"minecraft:tipped_arrow","count":12,"components":{"minecraft:potion_contents":"{potion:\"minecraft:strong_slowness\"}"},"schema_version":1},{"DataVersion":4903,"id":"minecraft:guster_banner_pattern","count":1,"schema_version":1},{"DataVersion":4903,"id":"minecraft:mutton","count":1,"schema_version":1},{"DataVersion":4903,"id":"minecraft:white_wool","count":2,"schema_version":1},{"DataVersion":4903,"id":"minecraft:ominous_bottle","count":1,"schema_version":1},{"DataVersion":4903,"id":"minecraft:torch","count":15,"schema_version":1},{"DataVersion":4903,"id":"minecraft:stick","count":8,"schema_version":1},{"DataVersion":4903,"id":"minecraft:leather","count":2,"schema_version":1},{"DataVersion":4903,"id":"minecraft:bolt_armor_trim_smithing_template","count":1,"schema_version":1},{"DataVersion":4903,"id":"minecraft:arrow","count":18,"schema_version":1},{"DataVersion":4903,"id":"minecraft:iron_axe","count":1,"components":{"minecraft:damage":"1"},"schema_version":1},{"DataVersion":4903,"id":"minecraft:furnace","count":1,"schema_version":1},{"DataVersion":4903,"id":"minecraft:cooked_chicken","count":1,"schema_version":1},{"DataVersion":4903,"id":"minecraft:iron_boots","count":1,"components":{"minecraft:damage":"14"},"schema_version":1},{"DataVersion":4903,"id":"minecraft:iron_leggings","count":1,"components":{"minecraft:damage":"14"},"schema_version":1},{"DataVersion":4903,"id":"minecraft:iron_chestplate","count":1,"components":{"minecraft:enchantments":"{\"minecraft:unbreaking\":1}","minecraft:damage":"71"},"schema_version":1},{"DataVersion":4903,"id":"minecraft:iron_helmet","count":1,"components":{"minecraft:damage":"14"},"schema_version":1},{"DataVersion":4903,"id":"minecraft:shield","count":1,"components":{"minecraft:damage":"321"},"schema_version":1}]}}}"
"2026-09-10T18:07:23Z";"DESTROY_CHEST";"{"chest":{"location":{"world":"world","x":1053.0,"y":97.0,"z":-446.0},"createdAt":1789063625603,"expireAt":1789064225603,"owner":{"name":"sutan","op":false,"id":"c1c908f0-ac06-3e6d-8b5b-fa796248506c","entity-id":196,"location":{"world":"world","x":1052.762499988079,"y":97.0,"z":-446.15458515766665,"yaw":-37.44033,"pitch":43.15146}},"isProtected":false,"inventory":{"type":"CHEST","size":36,"content":[]}},"reason":"BREAK","extra":{"player":{"name":"sutan","op":false,"id":"c1c908f0-ac06-3e6d-8b5b-fa796248506c","entity-id":196,"location":{"world":"world","x":1052.762499988079,"y":97.0,"z":-446.15458515766665,"yaw":-37.44033,"pitch":43.15146}}}}"
"2026-09-10T18:07:23Z";"DESTROY_CHEST";"{"chest":{"location":{"world":"world","x":1052.0,"y":97.0,"z":-445.0},"createdAt":1789063633729,"expireAt":1789064233729,"owner":{"name":"Rajann_","op":false,"id":"9b355652-2589-30bb-8572-ef2bce079cfd","entity-id":4187,"location":{"world":"world","x":1051.5,"y":97.0,"z":-445.5,"yaw":-42.713024,"pitch":35.39983}},"isProtected":false,"inventory":{"type":"CHEST","size":27,"content":[]}},"reason":"PLAYER","extra":{"player":{"name":"Rajann_","op":false,"id":"9b355652-2589-30bb-8572-ef2bce079cfd","entity-id":4187,"location":{"world":"world","x":1051.5,"y":97.0,"z":-445.5,"yaw":-42.713024,"pitch":35.39983}}}}"
"2026-09-10T18:08:38Z";"CREATE_CHEST";"{"chest":{"location":{"world":"world","x":1151.0,"y":64.0,"z":-597.0},"createdAt":1789063718850,"expireAt":1789064318850,"owner":{"name":"Rajann_","op":false,"id":"9b355652-2589-30bb-8572-ef2bce079cfd","entity-id":4187,"location":{"world":"world","x":1151.4371071328278,"y":64.0,"z":-596.899252574358,"yaw":175.58453,"pitch":79.07237}},"isProtected":false,"inventory":{"type":"CHEST","size":27,"content":[{"DataVersion":4903,"id":"minecraft:diamond_sword","count":1,"components":{"minecraft:damage":"111"},"schema_version":1},{"DataVersion":4903,"id":"minecraft:diamond_pickaxe","count":1,"schema_version":1},{"DataVersion":4903,"id":"minecraft:diamond_axe","count":1,"components":{"minecraft:damage":"16"},"schema_version":1},{"DataVersion":4903,"id":"minecraft:tipped_arrow","count":12,"components":{"minecraft:potion_contents":"{potion:\"minecraft:strong_slowness\"}"},"schema_version":1},{"DataVersion":4903,"id":"minecraft:guster_banner_pattern","count":1,"schema_version":1},{"DataVersion":4903,"id":"minecraft:mutton","count":1,"schema_version":1},{"DataVersion":4903,"id":"minecraft:cooked_mutton","count":4,"schema_version":1},{"DataVersion":4903,"id":"minecraft:diamond","count":14,"schema_version":1},{"DataVersion":4903,"id":"minecraft:iron_boots","count":1,"components":{"minecraft:damage":"16"},"schema_version":1},{"DataVersion":4903,"id":"minecraft:iron_leggings","count":1,"components":{"minecraft:damage":"16"},"schema_version":1},{"DataVersion":4903,"id":"minecraft:iron_chestplate","count":1,"components":{"minecraft:damage":"58"},"schema_version":1},{"DataVersion":4903,"id":"minecraft:iron_helmet","count":1,"components":{"minecraft:damage":"16"},"schema_version":1},{"DataVersion":4903,"id":"minecraft:shield","count":1,"components":{"minecraft:damage":"321"},"schema_version":1},{"DataVersion":4903,"id":"minecraft:cooked_chicken","count":1,"schema_version":1},{"DataVersion":4903,"id":"minecraft:white_wool","count":2,"schema_version":1},{"DataVersion":4903,"id":"minecraft:ominous_bottle","count":1,"schema_version":1},{"DataVersion":4903,"id":"minecraft:torch","count":15,"schema_version":1},{"DataVersion":4903,"id":"minecraft:bolt_armor_trim_smithing_template","count":1,"schema_version":1},{"DataVersion":4903,"id":"minecraft:stick","count":8,"schema_version":1},{"DataVersion":4903,"id":"minecraft:leather","count":2,"schema_version":1},{"DataVersion":4903,"id":"minecraft:arrow","count":18,"schema_version":1},{"DataVersion":4903,"id":"minecraft:iron_axe","count":1,"components":{"minecraft:damage":"1"},"schema_version":1},{"DataVersion":4903,"id":"minecraft:furnace","count":1,"schema_version":1}]}}}"
"2026-09-10T18:08:44Z";"DESTROY_CHEST";"{"chest":{"location":{"world":"world","x":1151.0,"y":64.0,"z":-597.0},"createdAt":1789063718850,"expireAt":1789064318850,"owner":{"name":"Rajann_","op":false,"id":"9b355652-2589-30bb-8572-ef2bce079cfd","entity-id":4187,"location":{"world":"world","x":1149.4423716190383,"y":63.92159999847412,"z":-595.8641503170817,"yaw":-127.56549,"pitch":16.950014}},"isProtected":false,"inventory":{"type":"CHEST","size":27,"content":[]}},"reason":"ENTITY_EXPLOSION","extra":{"entity":{"name":"Creeper","op":false,"id":"5d5a3aea-a534-4a83-b03b-e2a5f9e09f23","entity-id":13149,"location":{"world":"world","x":1152.6547641481952,"y":65.93631907901668,"z":-598.0548878252813,"yaw":27.30043}}}}"
"2026-09-10T18:10:54Z";"CREATE_CHEST";"{"chest":{"location":{"world":"world","x":1274.0,"y":62.0,"z":-645.0},"createdAt":1789063854303,"expireAt":1789064454303,"owner":{"name":"sutan","op":false,"id":"c1c908f0-ac06-3e6d-8b5b-fa796248506c","entity-id":196,"location":{"world":"world","x":1274.7296793146613,"y":62.52326431274414,"z":-644.0161896954286,"yaw":32.218735,"pitch":16.451471}},"isProtected":false,"inventory":{"type":"CHEST","size":45,"content":[{"DataVersion":4903,"id":"minecraft:diamond_sword","count":1,"components":{"minecraft:damage":"125"},"schema_version":1},{"DataVersion":4903,"id":"minecraft:iron_axe","count":1,"components":{"minecraft:damage":"88"},"schema_version":1},{"DataVersion":4903,"id":"minecraft:acacia_boat","count":1,"schema_version":1},{"DataVersion":4903,"id":"minecraft:torch","count":5,"schema_version":1},{"DataVersion":4903,"id":"minecraft:bow","count":1,"components":{"minecraft:enchantments":"{\"minecraft:power\":2}","minecraft:damage":"27"},"schema_version":1},{"DataVersion":4903,"id":"minecraft:candle","count":2,"schema_version":1},{"DataVersion":4903,"id":"minecraft:waxed_copper_bulb","count":1,"schema_version":1},{"DataVersion":4903,"id":"minecraft:waxed_copper_grate","count":5,"schema_version":1},{"DataVersion":4903,"id":"minecraft:iron_pickaxe","count":1,"components":{"minecraft:damage":"202"},"schema_version":1},{"DataVersion":4903,"id":"minecraft:birch_planks","count":1,"schema_version":1},{"DataVersion":4903,"id":"minecraft:leather","count":2,"schema_version":1},{"DataVersion":4903,"id":"minecraft:iron_pickaxe","count":1,"components":{"minecraft:damage":"126"},"schema_version":1},{"DataVersion":4903,"id":"minecraft:dispenser","count":1,"schema_version":1},{"DataVersion":4903,"id":"minecraft:waxed_oxidized_cut_copper","count":1,"schema_version":1},{"DataVersion":4903,"id":"minecraft:wind_charge","count":6,"schema_version":1},{"DataVersion":4903,"id":"minecraft:chiseled_tuff","count":1,"schema_version":1},{"DataVersion":4903,"id":"minecraft:raw_gold","count":9,"schema_version":1},{"DataVersion":4903,"id":"minecraft:emerald","count":14,"schema_version":1},{"DataVersion":4903,"id":"minecraft:tipped_arrow","count":10,"components":{"minecraft:potion_contents":"{potion:\"minecraft:strong_slowness\"}"},"schema_version":1},{"DataVersion":4903,"id":"minecraft:polished_tuff","count":1,"schema_version":1},{"DataVersion":4903,"id":"minecraft:waxed_copper_block","count":1,"schema_version":1},{"DataVersion":4903,"id":"minecraft:arrow","count":7,"schema_version":1},{"DataVersion":4903,"id":"minecraft:flow_armor_trim_smithing_template","count":1,"schema_version":1},{"DataVersion":4903,"id":"minecraft:brick","count":50,"schema_version":1},{"DataVersion":4903,"id":"minecraft:tuff_bricks","count":5,"schema_version":1},{"DataVersion":4903,"id":"minecraft:breeze_rod","count":7,"schema_version":1},{"DataVersion":4903,"id":"minecraft:waxed_weathered_copper_bulb","count":1,"schema_version":1},{"DataVersion":4903,"id":"minecraft:beef","count":2,"schema_version":1},{"DataVersion":4903,"id":"minecraft:decorated_pot","count":1,"components":{"minecraft:pot_decorations":"[\"minecraft:scrape_pottery_sherd\",\"minecraft:brick\",\"minecraft:brick\",\"minecraft:brick\"]"},"schema_version":1},{"DataVersion":4903,"id":"minecraft:diamond","count":3,"schema_version":1},{"DataVersion":4903,"id":"minecraft:bone","count":13,"schema_version":1},{"DataVersion":4903,"id":"minecraft:copper_chestplate","count":1,"components":{"minecraft:damage":"96"},"schema_version":1},{"DataVersion":4903,"id":"minecraft:iron_boots","count":1,"components":{"minecraft:damage":"103"},"schema_version":1},{"DataVersion":4903,"id":"minecraft:iron_leggings","count":1,"components":{"minecraft:damage":"116"},"schema_version":1},{"DataVersion":4903,"id":"minecraft:iron_chestplate","count":1,"components":{"minecraft:enchantments":"{\"minecraft:unbreaking\":1}","minecraft:damage":"77"},"schema_version":1},{"DataVersion":4903,"id":"minecraft:iron_helmet","count":1,"components":{"minecraft:damage":"99"},"schema_version":1},{"DataVersion":4903,"id":"minecraft:shield","count":1,"components":{"minecraft:damage":"72"},"schema_version":1}]}}}"
"2026-09-10T18:11:11Z";"DESTROY_CHEST";"{"chest":{"location":{"world":"world","x":1274.0,"y":62.0,"z":-645.0},"createdAt":1789063854303,"expireAt":1789064454303,"owner":{"name":"sutan","op":false,"id":"c1c908f0-ac06-3e6d-8b5b-fa796248506c","entity-id":196,"location":{"world":"world","x":1274.822042804159,"y":62.260607293121026,"z":-645.2375000119209,"yaw":24.410378,"pitch":52.65003}},"isProtected":false,"inventory":{"type":"CHEST","size":45,"content":[]}},"reason":"BREAK","extra":{"player":{"name":"sutan","op":false,"id":"c1c908f0-ac06-3e6d-8b5b-fa796248506c","entity-id":196,"location":{"world":"world","x":1274.822042804159,"y":62.260607293121026,"z":-645.2375000119209,"yaw":24.410378,"pitch":52.65003}}}}"
"2026-09-10T18:12:47Z";"DESTROY_CHEST";"{"chest":{"location":{"world":"world","x":939.0,"y":71.0,"z":-303.0},"createdAt":1789063368979,"expireAt":1789063968979,"owner":{"name":"Rajann_","op":false,"id":"9b355652-2589-30bb-8572-ef2bce079cfd","entity-id":4187,"location":{"world":"world","x":1435.9144073308476,"y":62.11076292135144,"z":-742.9396163851858,"yaw":-68.12228,"pitch":20.70003}},"isProtected":false,"inventory":{"type":"CHEST","size":36,"content":[{"DataVersion":4903,"id":"minecraft:oak_boat","count":1,"schema_version":1},{"DataVersion":4903,"id":"minecraft:copper_boots","count":1,"components":{"minecraft:damage":"133"},"schema_version":1}]}},"reason":"EXPIRATION","extra":{"item-drops":false}}"
"2026-09-10T18:17:51Z";"CREATE_CHEST";"{"chest":{"location":{"world":"world","x":989.0,"y":63.0,"z":-581.0},"createdAt":1789064271306,"expireAt":1789064871306,"owner":{"name":"sutan","op":false,"id":"c1c908f0-ac06-3e6d-8b5b-fa796248506c","entity-id":196,"location":{"world":"world","x":989.5385210286795,"y":63.0,"z":-580.016381674013,"yaw":-118.45334,"pitch":13.649969}},"isProtected":false,"inventory":{"type":"CHEST","size":45,"content":[{"DataVersion":4903,"id":"minecraft:diamond_sword","count":1,"components":{"minecraft:damage":"160"},"schema_version":1},{"DataVersion":4903,"id":"minecraft:torch","count":5,"schema_version":1},{"DataVersion":4903,"id":"minecraft:iron_axe","count":1,"components":{"minecraft:damage":"88"},"schema_version":1},{"DataVersion":4903,"id":"minecraft:dirt","count":13,"schema_version":1},{"DataVersion":4903,"id":"minecraft:waxed_copper_grate","count":5,"schema_version":1},{"DataVersion":4903,"id":"minecraft:iron_pickaxe","count":1,"components":{"minecraft:damage":"202"},"schema_version":1},{"DataVersion":4903,"id":"minecraft:brown_mushroom","count":6,"schema_version":1},{"DataVersion":4903,"id":"minecraft:leather","count":4,"schema_version":1},{"DataVersion":4903,"id":"minecraft:iron_pickaxe","count":1,"components":{"minecraft:damage":"126"},"schema_version":1},{"DataVersion":4903,"id":"minecraft:dispenser","count":1,"schema_version":1},{"DataVersion":4903,"id":"minecraft:waxed_oxidized_cut_copper","count":1,"schema_version":1},{"DataVersion":4903,"id":"minecraft:wind_charge","count":6,"schema_version":1},{"DataVersion":4903,"id":"minecraft:chiseled_tuff","count":1,"schema_version":1},{"DataVersion":4903,"id":"minecraft:raw_gold","count":9,"schema_version":1},{"DataVersion":4903,"id":"minecraft:tipped_arrow","count":10,"components":{"minecraft:potion_contents":"{potion:\"minecraft:strong_slowness\"}"},"schema_version":1},{"DataVersion":4903,"id":"minecraft:polished_tuff","count":1,"schema_version":1},{"DataVersion":4903,"id":"minecraft:waxed_copper_block","count":1,"schema_version":1},{"DataVersion":4903,"id":"minecraft:arrow","count":7,"schema_version":1},{"DataVersion":4903,"id":"minecraft:flow_armor_trim_smithing_template","count":1,"schema_version":1},{"DataVersion":4903,"id":"minecraft:brick","count":50,"schema_version":1},{"DataVersion":4903,"id":"minecraft:tuff_bricks","count":5,"schema_version":1},{"DataVersion":4903,"id":"minecraft:breeze_rod","count":7,"schema_version":1},{"DataVersion":4903,"id":"minecraft:waxed_weathered_copper_bulb","count":1,"schema_version":1},{"DataVersion":4903,"id":"minecraft:beef","count":4,"schema_version":1},{"DataVersion":4903,"id":"minecraft:decorated_pot","count":1,"components":{"minecraft:pot_decorations":"[\"minecraft:scrape_pottery_sherd\",\"minecraft:brick\",\"minecraft:brick\",\"minecraft:brick\"]"},"schema_version":1},{"DataVersion":4903,"id":"minecraft:diamond","count":3,"schema_version":1},{"DataVersion":4903,"id":"minecraft:bone","count":13,"schema_version":1},{"DataVersion":4903,"id":"minecraft:copper_chestplate","count":1,"components":{"minecraft:damage":"96"},"schema_version":1},{"DataVersion":4903,"id":"minecraft:wheat_seeds","count":1,"schema_version":1},{"DataVersion":4903,"id":"minecraft:mutton","count":1,"schema_version":1},{"DataVersion":4903,"id":"minecraft:waxed_copper_bulb","count":1,"schema_version":1},{"DataVersion":4903,"id":"minecraft:wildflowers","count":6,"schema_version":1},{"DataVersion":4903,"id":"minecraft:emerald","count":14,"schema_version":1},{"DataVersion":4903,"id":"minecraft:birch_planks","count":1,"schema_version":1},{"DataVersion":4903,"id":"minecraft:bow","count":1,"components":{"minecraft:enchantments":"{\"minecraft:power\":2}","minecraft:damage":"27"},"schema_version":1},{"DataVersion":4903,"id":"minecraft:iron_boots","count":1,"components":{"minecraft:damage":"109"},"schema_version":1},{"DataVersion":4903,"id":"minecraft:iron_leggings","count":1,"components":{"minecraft:damage":"122"},"schema_version":1},{"DataVersion":4903,"id":"minecraft:iron_chestplate","count":1,"components":{"minecraft:enchantments":"{\"minecraft:unbreaking\":1}","minecraft:damage":"82"},"schema_version":1},{"DataVersion":4903,"id":"minecraft:iron_helmet","count":1,"components":{"minecraft:damage":"105"},"schema_version":1},{"DataVersion":4903,"id":"minecraft:shield","count":1,"components":{"minecraft:damage":"72"},"schema_version":1}]}}}"
"2026-09-10T18:18:02Z";"DESTROY_CHEST";"{"chest":{"location":{"world":"world","x":989.0,"y":63.0,"z":-581.0},"createdAt":1789064271306,"expireAt":1789064871306,"owner":{"name":"sutan","op":false,"id":"c1c908f0-ac06-3e6d-8b5b-fa796248506c","entity-id":196,"location":{"world":"world","x":990.5,"y":63.0,"z":-579.5,"yaw":142.84666,"pitch":38.99999}},"isProtected":false,"inventory":{"type":"CHEST","size":45,"content":[]}},"reason":"BREAK","extra":{"player":{"name":"sutan","op":false,"id":"c1c908f0-ac06-3e6d-8b5b-fa796248506c","entity-id":196,"location":{"world":"world","x":990.5,"y":63.0,"z":-579.5,"yaw":142.84666,"pitch":38.99999}}}}"
"2026-09-10T18:31:14Z";"CREATE_CHEST";"{"chest":{"location":{"world":"world","x":857.0,"y":61.0,"z":-1003.0},"createdAt":1789065074665,"expireAt":1789065674665,"owner":{"name":"sutan","op":false,"id":"c1c908f0-ac06-3e6d-8b5b-fa796248506c","entity-id":196,"location":{"world":"world","x":857.1301282631448,"y":61.12498558837799,"z":-1001.3591742709286,"yaw":29.05017,"pitch":37.949986}},"isProtected":false,"inventory":{"type":"CHEST","size":45,"content":[{"DataVersion":4903,"id":"minecraft:diamond_sword","count":1,"components":{"minecraft:damage":"160"},"schema_version":1},{"DataVersion":4903,"id":"minecraft:iron_pickaxe","count":1,"components":{"minecraft:damage":"177"},"schema_version":1},{"DataVersion":4903,"id":"minecraft:iron_axe","count":1,"components":{"minecraft:damage":"105"},"schema_version":1},{"DataVersion":4903,"id":"minecraft:bow","count":1,"components":{"minecraft:enchantments":"{\"minecraft:power\":2}","minecraft:damage":"32"},"schema_version":1},{"DataVersion":4903,"id":"minecraft:tuff_bricks","count":5,"schema_version":1},{"DataVersion":4903,"id":"minecraft:cooked_beef","count":4,"schema_version":1},{"DataVersion":4903,"id":"minecraft:beef","count":3,"schema_version":1},{"DataVersion":4903,"id":"minecraft:netherrack","count":21,"schema_version":1},{"DataVersion":4903,"id":"minecraft:golden_sword","count":1,"components":{"minecraft:enchantments":"{\"minecraft:unbreaking\":1}"},"schema_version":1},{"DataVersion":4903,"id":"minecraft:cracked_stone_bricks","count":2,"schema_version":1},{"DataVersion":4903,"id":"minecraft:waxed_copper_bulb","count":1,"schema_version":1},{"DataVersion":4903,"id":"minecraft:golden_hoe","count":1,"components":{"minecraft:enchantments":"{\"minecraft:unbreaking\":1}"},"schema_version":1},{"DataVersion":4903,"id":"minecraft:golden_axe","count":1,"components":{"minecraft:enchantments":"{\"minecraft:silk_touch\":1}"},"schema_version":1},{"DataVersion":4903,"id":"minecraft:waxed_copper_block","count":1,"schema_version":1},{"DataVersion":4903,"id":"minecraft:brick","count":50,"schema_version":1},{"DataVersion":4903,"id":"minecraft:redstone","count":5,"schema_version":1},{"DataVersion":4903,"id":"minecraft:flow_armor_trim_smithing_template","count":1,"schema_version":1},{"DataVersion":4903,"id":"minecraft:stone_bricks","count":5,"schema_version":1},{"DataVersion":4903,"id":"minecraft:diamond","count":3,"schema_version":1},{"DataVersion":4903,"id":"minecraft:waxed_copper_grate","count":5,"schema_version":1},{"DataVersion":4903,"id":"minecraft:iron_pickaxe","count":1,"components":{"minecraft:damage":"202"},"schema_version":1},{"DataVersion":4903,"id":"minecraft:emerald","count":14,"schema_version":1},{"DataVersion":4903,"id":"minecraft:torch","count":5,"schema_version":1},{"DataVersion":4903,"id":"minecraft:decorated_pot","count":1,"components":{"minecraft:pot_decorations":"[\"minecraft:scrape_pottery_sherd\",\"minecraft:brick\",\"minecraft:brick\",\"minecraft:brick\"]"},"schema_version":1},{"DataVersion":4903,"id":"minecraft:raw_gold","count":9,"schema_version":1},{"DataVersion":4903,"id":"minecraft:dirt","count":6,"schema_version":1},{"DataVersion":4903,"id":"minecraft:leather","count":6,"schema_version":1},{"DataVersion":4903,"id":"minecraft:chiseled_stone_bricks","count":1,"schema_version":1},{"DataVersion":4903,"id":"minecraft:waxed_weathered_copper_bulb","count":1,"schema_version":1},{"DataVersion":4903,"id":"minecraft:fire_charge","count":1,"schema_version":1},{"DataVersion":4903,"id":"minecraft:breeze_rod","count":7,"schema_version":1},{"DataVersion":4903,"id":"minecraft:arrow","count":2,"schema_version":1},{"DataVersion":4903,"id":"minecraft:tipped_arrow","count":10,"components":{"minecraft:potion_contents":"{potion:\"minecraft:strong_slowness\"}"},"schema_version":1},{"DataVersion":4903,"id":"minecraft:bone","count":13,"schema_version":1},{"DataVersion":4903,"id":"minecraft:iron_boots","count":1,"components":{"minecraft:damage":"128"},"schema_version":1},{"DataVersion":4903,"id":"minecraft:iron_leggings","count":1,"components":{"minecraft:damage":"141"},"schema_version":1},{"DataVersion":4903,"id":"minecraft:iron_chestplate","count":1,"components":{"minecraft:enchantments":"{\"minecraft:unbreaking\":1}","minecraft:damage":"96"},"schema_version":1},{"DataVersion":4903,"id":"minecraft:iron_helmet","count":1,"components":{"minecraft:damage":"124"},"schema_version":1},{"DataVersion":4903,"id":"minecraft:shield","count":1,"components":{"minecraft:damage":"72"},"schema_version":1}]}}}"
"2026-09-10T18:33:13Z";"DESTROY_CHEST";"{"chest":{"location":{"world":"world","x":857.0,"y":61.0,"z":-1003.0},"createdAt":1789065074665,"expireAt":1789065674665,"owner":{"name":"sutan","op":false,"id":"c1c908f0-ac06-3e6d-8b5b-fa796248506c","entity-id":196,"location":{"world":"world","x":859.2809988922191,"y":60.32707068257706,"z":-1001.3561023177748,"yaw":122.95019,"pitch":53.10006}},"isProtected":false,"inventory":{"type":"CHEST","size":45,"content":[]}},"reason":"PLAYER","extra":{"player":{"name":"sutan","op":false,"id":"c1c908f0-ac06-3e6d-8b5b-fa796248506c","entity-id":196,"location":{"world":"world","x":859.2809988922191,"y":60.32707068257706,"z":-1001.3561023177748,"yaw":122.95019,"pitch":53.10006}}}}"
"2026-09-10T18:33:13Z";"CREATE_CHEST";"{"chest":{"location":{"world":"world","x":838.0,"y":61.0,"z":-994.0},"createdAt":1789065193228,"expireAt":1789065793228,"owner":{"name":"Rajann_","op":false,"id":"9b355652-2589-30bb-8572-ef2bce079cfd","entity-id":4187,"location":{"world":"world","x":839.2733343115509,"y":61.72148155259212,"z":-993.5420252923079,"yaw":-117.95288,"pitch":2.39994}},"isProtected":false,"inventory":{"type":"CHEST","size":36,"content":[{"DataVersion":4903,"id":"minecraft:diamond_sword","count":1,"components":{"minecraft:damage":"156"},"schema_version":1},{"DataVersion":4903,"id":"minecraft:diamond_pickaxe","count":1,"components":{"minecraft:damage":"33"},"schema_version":1},{"DataVersion":4903,"id":"minecraft:diamond_axe","count":1,"components":{"minecraft:damage":"116"},"schema_version":1},{"DataVersion":4903,"id":"minecraft:diamond_shovel","count":1,"components":{"minecraft:damage":"3"},"schema_version":1},{"DataVersion":4903,"id":"minecraft:birch_planks","count":12,"schema_version":1},{"DataVersion":4903,"id":"minecraft:netherrack","count":1,"schema_version":1},{"DataVersion":4903,"id":"minecraft:bow","count":1,"components":{"minecraft:enchantments":"{\"minecraft:power\":2}","minecraft:damage":"40"},"schema_version":1},{"DataVersion":4903,"id":"minecraft:charcoal","count":1,"schema_version":1},{"DataVersion":4903,"id":"minecraft:cooked_mutton","count":3,"schema_version":1},{"DataVersion":4903,"id":"minecraft:stick","count":3,"schema_version":1},{"DataVersion":4903,"id":"minecraft:arrow","count":14,"schema_version":1},{"DataVersion":4903,"id":"minecraft:cooked_chicken","count":4,"schema_version":1},{"DataVersion":4903,"id":"minecraft:iron_axe","count":1,"components":{"minecraft:damage":"2"},"schema_version":1},{"DataVersion":4903,"id":"minecraft:torch","count":17,"schema_version":1},{"DataVersion":4903,"id":"minecraft:cooked_porkchop","count":3,"schema_version":1},{"DataVersion":4903,"id":"minecraft:acacia_boat","count":1,"schema_version":1},{"DataVersion":4903,"id":"minecraft:water_bucket","count":1,"schema_version":1},{"DataVersion":4903,"id":"minecraft:bolt_armor_trim_smithing_template","count":1,"schema_version":1},{"DataVersion":4903,"id":"minecraft:white_wool","count":7,"schema_version":1},{"DataVersion":4903,"id":"minecraft:cooked_beef","count":9,"schema_version":1},{"DataVersion":4903,"id":"minecraft:ominous_bottle","count":1,"schema_version":1},{"DataVersion":4903,"id":"minecraft:diamond","count":13,"schema_version":1},{"DataVersion":4903,"id":"minecraft:leather","count":8,"schema_version":1},{"DataVersion":4903,"id":"minecraft:guster_banner_pattern","count":1,"schema_version":1},{"DataVersion":4903,"id":"minecraft:tipped_arrow","count":12,"components":{"minecraft:potion_contents":"{potion:\"minecraft:strong_slowness\"}"},"schema_version":1},{"DataVersion":4903,"id":"minecraft:furnace","count":2,"schema_version":1},{"DataVersion":4903,"id":"minecraft:oak_log","count":1,"schema_version":1},{"DataVersion":4903,"id":"minecraft:black_wool","count":1,"schema_version":1},{"DataVersion":4903,"id":"minecraft:stick","count":8,"schema_version":1},{"DataVersion":4903,"id":"minecraft:iron_boots","count":1,"components":{"minecraft:damage":"68"},"schema_version":1},{"DataVersion":4903,"id":"minecraft:iron_leggings","count":1,"components":{"minecraft:damage":"68"},"schema_version":1},{"DataVersion":4903,"id":"minecraft:iron_chestplate","count":1,"components":{"minecraft:damage":"110"},"schema_version":1},{"DataVersion":4903,"id":"minecraft:iron_helmet","count":1,"components":{"minecraft:damage":"68"},"schema_version":1},{"DataVersion":4903,"id":"minecraft:shield","count":1,"components":{"minecraft:damage":"321"},"schema_version":1}]}}}"
"2026-09-10T18:33:25Z";"DESTROY_CHEST";"{"chest":{"location":{"world":"world","x":838.0,"y":61.0,"z":-994.0},"createdAt":1789065193228,"expireAt":1789065793228,"owner":{"name":"Rajann_","op":false,"id":"9b355652-2589-30bb-8572-ef2bce079cfd","entity-id":4187,"location":{"world":"world","x":839.5,"y":57.53021616722893,"z":-993.5,"yaw":93.84711,"pitch":60.59994}},"isProtected":false,"inventory":{"type":"CHEST","size":36,"content":[]}},"reason":"PLAYER","extra":{"player":{"name":"Rajann_","op":false,"id":"9b355652-2589-30bb-8572-ef2bce079cfd","entity-id":4187,"location":{"world":"world","x":839.5,"y":57.53021616722893,"z":-993.5,"yaw":93.84711,"pitch":60.59994}}}}"
